Title,Detail,Date,Price(in dollar),Offer price(in dollar),Review and rating,Number of bed
"Hotel in Tepoztlán, Mexico",Posada Sarita,Jun 3 - 10,50.00,,4.56 (176),3 beds
"Hotel in Tepoztlán, Mexico",Posada Sarita,Jun 3 - 10,50.00,,4.56 (176),3 beds
"Home in Baião, Portugal",CasasdoCasinhotoD-Rustic House (pool; river view),Jun 12 - 17,131.00,,4.81 (43),1 double bed
"Home in Baião, Portugal",CasasdoCasinhotoD-Rustic House (pool; river view),Jun 12 - 17,131.00,,4.81 (43),1 double bed
"Guesthouse in Perranwell Station, UK",The Folly - Cornwall,Jun 18 - 23,111.00,,5.0 (11),1 bed
"Home in Audierne, France",Villa Trouz Ar Mor,Jul 1 - 6,135.00,,4.85 (13),2 beds
"Guesthouse in Perranwell Station, UK",The Folly - Cornwall,Jun 18 - 23,111.00,,5.0 (11),1 bed
"Home in Audierne, France",Villa Trouz Ar Mor,Jul 1 - 6,135.00,,4.85 (13),2 beds
"Home in Bad Sankt Leonhard im Lavanttal, Austria",1A chalet resting crickets + hiking with indoor sauna,Jun 22 - 27,123.00,,4.67 (110),3 beds
"Vacation home in Punta Prima, Spain",Beachfront apartment with perfect seaview,Jun 1 - 6,231.00,,4.85 (204),4 beds
"Home in Bad Sankt Leonhard im Lavanttal, Austria",1A chalet resting crickets + hiking with indoor sauna,Jun 22 - 27,123.00,,4.67 (110),3 beds
"Vacation home in Punta Prima, Spain",Beachfront apartment with perfect seaview,Jun 1 - 6,231.00,,4.85 (204),4 beds
"Earthen home in Mueang Chiang Mai District, Thailand",Leafy Greens Chiangmai : Mushroom M2,Jun 13 - 20,22.00,,4.87 (210),1 bunk bed
"Earthen home in Mueang Chiang Mai District, Thailand",Leafy Greens Chiangmai : Mushroom M2,Jun 13 - 20,22.00,,4.87 (210),1 bunk bed
"Hotel in Tambon Ratsada, Thailand",Hotel Room with Private Plunge Pool Siray Bay#2,Jun 13 - 18,71.00,,5.0 (13),1 bed
"Hotel in Tambon Ratsada, Thailand",Hotel Room with Private Plunge Pool Siray Bay#2,Jun 13 - 18,71.00,,5.0 (13),1 bed
"Home in Kecamatan Selat, Indonesia",The Nude House,Jul 10 - 15,305.00,,4.68 (19),2 beds
"Villa in Kathu, Thailand",Tiny Poolvilla in the heart of Phuket,Jul 25 - 30,119.00,,5.0 (98),1 king bed
"Home in Kecamatan Selat, Indonesia",The Nude House,Jul 10 - 15,305.00,,4.68 (19),2 beds
"Villa in Kathu, Thailand",Tiny Poolvilla in the heart of Phuket,Jul 25 - 30,119.00,,5.0 (98),1 king bed
"Room in Kabupaten Badung, Indonesia",Private room4 Legian/breakfast/close to Kuta beach,Jun 6 - 11,81.00,,4.91 (34),1 bed
"Villa in Karangasem, Indonesia","Luxury Ocean Front, 2,500sq ft Private Eco Villa!",Jun 16 - 21,450.00,,4.96 (24),1 double bed
"Apartment in PHUKET, Thailand",★Studio in Seafront Private Villa w/infinity pool★,Jun 30 - Jul 5,53.00,,4.83 (93),3 beds
"Condo in Na Chom Thian, Thailand",Veranda Residence pattaya 2bedroom partial seaview,Jun 6 - 11,83.00,,4.89 (186),2 beds
"Home in Hua Hin, Thailand",Cool Home w Garden near Sea,Jul 6 - 11,77.00,,4.81 (360),2 beds
"Home in Tabanan, Indonesia",Ocean View Pool Villa @ Balian Beach,Jun 8 - 13,170.00,,4.76 (282),1 queen bed
"Room in Kabupaten Badung, Indonesia",Private room4 Legian/breakfast/close to Kuta beach,Jun 6 - 11,81.00,,4.91 (34),1 bed
"Villa in Karangasem, Indonesia","Luxury Ocean Front, 2,500sq ft Private Eco Villa!",Jun 16 - 21,450.00,,4.96 (24),1 double bed
"Apartment in PHUKET, Thailand",★Studio in Seafront Private Villa w/infinity pool★,Jun 30 - Jul 5,53.00,,4.83 (93),3 beds
"Condo in Na Chom Thian, Thailand",Veranda Residence pattaya 2bedroom partial seaview,Jun 6 - 11,83.00,,4.89 (186),2 beds
"Home in Hua Hin, Thailand",Cool Home w Garden near Sea,Jul 6 - 11,77.00,,4.81 (360),2 beds
"Home in Tabanan, Indonesia",Ocean View Pool Villa @ Balian Beach,Jun 8 - 13,170.00,,4.76 (282),1 queen bed
"Condo in Cebu City, Philippines",Cozy City Condo at Horizons 101 [ W/ WIFI ].,Jun 5 - 10,26.00,,4.44 (220),2 beds
"Apartment in Kuala Lumpur, Malaysia",EXPRESSIONZ-1Bedroom-Junior-Suite-KLCC-Sky-Pool,Jun 1 - 6,53.00,,4.78 (408),1 king bed
"Condo in Cebu City, Philippines",Cozy City Condo at Horizons 101 [ W/ WIFI ].,Jun 5 - 10,26.00,,4.44 (220),2 beds
"Apartment in Tambon Patong, Thailand",SUNSET SEAVIEW DELUXE PATONG - POOL+TERRACE,Jun 25 - 30,64.00,,4.8 (159),2 beds
"Condo in Chiang Mai, Thailand",Cozy room 48.5 sq.m @The Astra near Night market,Jun 7 - 12,45.00,,4.89 (190),2 beds
"Apartment in Kuala Lumpur, Malaysia",EXPRESSIONZ-1Bedroom-Junior-Suite-KLCC-Sky-Pool,Jun 1 - 6,53.00,,4.78 (408),1 king bed
"Villa in Pemuteran, Indonesia","Villa Arun, Sumberkima Hill",Aug 21 - 26,262.00,,4.88 (57),1 queen bed
"Apartment in Quận 4, Vietnam",DANNY’s HIGH VIEW STUDIO near District1 Ben Thanh!,Jun 3 - 8,44.00,,4.78 (167),1 queen bed
"Condo in Cebu City, Philippines",Cozy City Condo at Horizons 101 [ W/ WIFI ].,Jun 5 - 10,26.00,,4.44 (220),2 beds
"Apartment in Tambon Patong, Thailand",SUNSET SEAVIEW DELUXE PATONG - POOL+TERRACE,Jun 25 - 30,64.00,,4.8 (159),2 beds
"Condo in Chiang Mai, Thailand",Cozy room 48.5 sq.m @The Astra near Night market,Jun 7 - 12,45.00,,4.89 (190),2 beds
"Villa in Pemuteran, Indonesia","Villa Arun, Sumberkima Hill",Aug 21 - 26,262.00,,4.88 (57),1 queen bed
"Apartment in Quận 4, Vietnam",DANNY’s HIGH VIEW STUDIO near District1 Ben Thanh!,Jun 3 - 8,44.00,,4.78 (167),1 queen bed
Cabin in Martin City,Romantic Cabin - 9 miles to Glacier National Park,May 1 - 6,171.00,,4.91 (237),2 beds
Home in Austin,Enjoy the Heated Pool at a Beautifully Designed Getaway,May 1 - 6,213.00,,4.96 (853),1 king bed
Condo in Avalon,"The Big Blue, 1 BR+Den!",May 1 - 6,597.00,,4.79 (539),2 beds
Tent in Moab,Moab Glamping Luxury Tent for 2,May 1 - 6,254.00,,4.92 (279),1 queen bed
Home in Destin,Villa Loggia! 5min walk to Prvt Beach/pool/SmartTV,May 6 - 11,417.00,,4.94 (34),6 beds
Tiny home in Lakeside,The Stillwater at Stoner Creek Cabins,May 1 - 6,178.00,,5.0 (211),1 bed
Cabin in Martin City,Romantic Cabin - 9 miles to Glacier National Park,May 1 - 6,171.00,,4.91 (237),2 beds
Home in Austin,Enjoy the Heated Pool at a Beautifully Designed Getaway,May 1 - 6,213.00,,4.96 (853),1 king bed
Condo in Avalon,"The Big Blue, 1 BR+Den!",May 1 - 6,597.00,,4.79 (539),2 beds
Tent in Moab,Moab Glamping Luxury Tent for 2,May 1 - 6,254.00,,4.92 (279),1 queen bed
Home in Destin,Villa Loggia! 5min walk to Prvt Beach/pool/SmartTV,May 6 - 11,417.00,,4.94 (34),6 beds
Tiny home in Lakeside,The Stillwater at Stoner Creek Cabins,May 1 - 6,178.00,,5.0 (211),1 bed
Condo in Panama City Beach,300 STEPS TO THE BEACH-BEST 1 BEDROOM DEAL IN TOWN,May 1 - 6,169.00,,4.68 (57),2 beds
Room in New York,Private room(s) in a Renovated Manhattan Townhouse,May 1 - 6,259.00,,4.94 (16),2 beds
Condo in Miami,Luxurious brickell apartment 38thfloor ocean view,May 1 - 6,239.00,,4.69 (51),2 beds
Loft in Chicago,"Lakeview Loft-Vintage Chicago, Modern Amenities",May 1 - 6,126.00,,4.96 (343),3 beds
Condo in Panama City Beach,300 STEPS TO THE BEACH-BEST 1 BEDROOM DEAL IN TOWN,May 1 - 6,169.00,,4.68 (57),2 beds
Room in New York,Private room(s) in a Renovated Manhattan Townhouse,May 1 - 6,259.00,,4.94 (16),2 beds
Condo in Miami,Luxurious brickell apartment 38thfloor ocean view,May 1 - 6,239.00,,4.69 (51),2 beds
Loft in Chicago,"Lakeview Loft-Vintage Chicago, Modern Amenities",May 1 - 6,126.00,,4.96 (343),3 beds
Home in Venice,Venice Getaway,May 1 - 6,159.00,,5.0 (30),3 beds
Home in Venice,Venice Getaway,May 1 - 6,159.00,,5.0 (30),3 beds
