Property Name,Amenities,Property Type,City,Country,Month,Price(in dollar),Rating,Number of Reviews,Rating Rank,Price Rank,Province State Region
"Farm stay in Saint Marys, Canada",Cozy Farm Stay Getaway,Farm stay,Saint Marys,Canada,June,99.00,4.86,183.0,385,1,
"Farm stay in Saint Marys, Canada",Cozy Farm Stay Getaway,Farm stay,Saint Marys,Canada,June,99.00,4.86,183.0,386,1,
"Guesthouse in Naalehu, Hawaii, US",The Ohana,Guesthouse,Naalehu,United States,June,99.00,4.86,182.0,387,1,Hawaii
"Guesthouse in Naalehu, Hawaii, US",The Ohana,Guesthouse,Naalehu,United States,June,99.00,4.86,182.0,388,1,Hawaii
"Villa in Koh Yao Noi, Thailand","Eagles Nest, Luxury Villa, Koh Yao Noi",Villa,Koh Yao Noi,Thailand,June,986.00,4.95,43.0,175,2,
"Loft in Jelutong, Malaysia",#Maritime*3*The Rhythm of the Sea @ 日出无敌全海景,Loft,Jelutong,Malaysia,June,98.00,4.56,93.0,649,3,
"Treehouse in Fountana, Greece",Nasos' Treehouse,Treehouse,Fountana,Greece,June,98.00,4.91,32.0,279,3,
"Cabin in Rosenthal-Bielatal, Germany",Mountain hut in the Elbe sandstone with log cabin sauna,Cabin,Rosenthal-Bielatal,Germany,June,98.00,4.78,169.0,544,3,
"Treehouse in Verson, France",2 Cabins perched above a pond!,Treehouse,Verson,France,June,98.00,4.94,530.0,185,3,
"Treehouse in Fountana, Greece",Nasos' Treehouse,Treehouse,Fountana,Greece,June,98.00,4.81,98.0,501,3,
"Treehouse in Verson, France",2 Cabins perched above a pond!,Treehouse,Verson,France,June,98.00,4.91,68.0,273,3,
"Apartment in Carolina, Puerto Rico",Isla Verde Beach Studio {105},Apartment,Carolina,Puerto Rico,July,97.00,4.67,433.0,614,4,
"Villa in Thành phố Hội An, Vietnam",Private pool two bedroom villa - villa the cow,Villa,Thành phố Hội An,Vietnam,June,97.00,4.8,124.0,515,4,
"Room in Planos, Greece",Kimiro Hotel Tsilivi,Room,Planos,Greece,June,97.00,4.91,43.0,276,4,
"Villa in Langkawi, Malaysia",Alamanda Tropical Wooden Villa - Pool View,Villa,Langkawi,Malaysia,June,97.00,4.87,196.0,364,4,
"Tiny home in Mill Village, Canada",UpStream (Waterfront Cabin With Wood Stove & WiFi),Tiny home,Mill Village,Canada,June,97.00,4.87,101.0,369,4,
"Home in Lembang, Indonesia",Minimax House by wiandra,Home,Lembang,Indonesia,June,96.00,4.84,81.0,449,5,
"Room in Bangkok, Thailand",Ba hao Residence x MAITRI CHIT ROOM,Room,Bangkok,Thailand,August,96.00,4.93,431.0,210,5,
"Cabin in Nowy Targ, Poland",Gruszkówka 1 Cottage (7 km from Białka ),Cabin,Nowy Targ,Poland,June,96.00,4.98,86.0,88,5,
"Tiny home in Kecamatan Ubud, Indonesia",Tiny Tall Haus Ubud Getaway!,Tiny home,Kecamatan Ubud,Indonesia,June,95.00,4.87,104.0,368,6,
"Place to stay in Mont-le-Vernois, France",Cabin in the wild,Place to stay,Mont-le-Vernois,France,September,95.00,4.98,46.0,97,6,
"Room in Saint-Ouen, France",Biron aux Puces de Saint Vincent Market,Room,Saint-Ouen,France,October,95.00,4.9,61.0,299,6,
"Room in La Zubia, Spain",Alhambra Trails 2,Room,La Zubia,Spain,June,94.00,4.78,36.0,551,7,
"Cabin in Båstad V, Sweden","Tyga Gård, probably most beautiful on Bjäre",Cabin,Båstad V,Sweden,June,94.00,4.9,43.0,300,7,
"Home in Castelmezzano, Italy",Casa del Mago - Castelmezzano,Home,Castelmezzano,Italy,June,93.00,4.78,100.0,549,8,
"Shepherd’s hut in Saint-Nabord, France",Anty's Pond: Davy Crockett's Hut,Shepherd’s hut,Saint-Nabord,France,June,93.00,4.87,150.0,367,8,
"Cottage in Renous, Canada",Hambrook Point Cottage “Homestead”,Cottage,Renous,Canada,June,93.00,4.87,360.0,357,8,
"Apartment in Kotor, Montenegro",💎Boka Bay view apartment.💎,Apartment,Kotor,Montenegro,July,93.00,4.69,218.0,603,8,
"Cabin in Walpole, UK","Peaceful, wooden garden cabin",Cabin,Walpole,United Kingdom,July,93.00,4.91,255.0,262,8,
"Villa in Ubud, Indonesia",Luxury 1 BR Villa w/ Private Pool & Ricefield View,Villa,Ubud,Indonesia,October,92.00,4.95,208.0,165,9,
"Castle in Vay, France","Stay in the castle, with family or friends",Castle,Vay,France,June,92.00,4.94,169.0,195,9,
"Room in Wien, Austria",Central luxury /Hauptbahnhof,Room,Wien,Austria,September,92.00,5.0,9.0,50,9,
"Room in Halsham, UK",King bedroom in historic house with garden access,Room,Halsham,United Kingdom,June,92.00,4.96,24.0,152,9,
"Room in Galveston, Texas, US",Tropicana Suite-Grand Manor Luxury Mansion Loft,Room,Galveston,United States,August,92.00,4.86,494.0,379,9,Texas
"Resort in Nusa Lembongan,, Indonesia",Acala Lembongan-Deluxe Suite Sea View,Resort,Nusa Lembongan,Indonesia,October,92.00,4.63,51.0,632,9,
"Trullo in Martina Franca, Italy",The Olive Tree Court,Trullo,Martina Franca,Italy,June,92.00,4.85,143.0,412,9,
"Treehouse in Klungkung, Indonesia",3 Bdr - The Dream Cliffside Bamboo Villa By Avana,Treehouse,Klungkung,Indonesia,August,913.00,4.97,30.0,122,10,
"Cabin in Naples, New York, US",East hill cabins #1,Cabin,Naples,United States,June,91.00,4.82,334.0,474,11,New York
"Farm stay in Asciano, Italy",Green - Lawns in Tuscany,Farm stay,Asciano,Italy,July,91.00,4.97,145.0,113,11,
"Apartment in Bangkok , Thailand","Luxury Q Chidlom Condo, BTS ChitLom, Siam,",Apartment,Bangkok,Thailand,June,90.00,4.79,61.0,533,12,
"Condo in Tambon Thep Krasatti, Thailand",2 Bedrooms Beachfront on Maikhao Beach B#7F,Condo,Tambon Thep Krasatti,Thailand,June,90.00,4.6,65.0,638,12,
"Shipping container in Puerto Viejo de Talamanca, Costa Rica",Mimosa Y - Beautiful Unique Container Home w' Pool,Shipping container,Puerto Viejo de Talamanca,Costa Rica,June,90.00,4.85,54.0,426,12,
"Shipping container in Puerto Viejo de Talamanca, Costa Rica",Mimosa Y - Beautiful Unique Container Home w' Pool,Shipping container,Puerto Viejo de Talamanca,Costa Rica,June,90.00,4.85,54.0,425,12,
"Condo in Malibu, California, US","Malibu, Carbon Beach - Suite Seven",Condo,Malibu,United States,June,898.00,4.86,311.0,382,13,California
"Hut in Ubud, Indonesia",50% OFF | Ipian Jiwa Eco Bamboo Uniquely Escape,Hut,Ubud,Indonesia,October,89.00,4.67,128.0,617,14,
"Apartment in San José, Costa Rica",New Boho Sabana Apartment Close to Airports w/ AC,Apartment,San José,Costa Rica,June,89.00,4.85,81.0,417,14,
"Cabin in Puerto Viejo de Talamanca, Costa Rica",Tiny Beach front house,Cabin,Puerto Viejo de Talamanca,Costa Rica,July,89.00,4.73,140.0,582,14,
"Apartment in Playa del Carmen, Mexico","Su mejor opción en Playa del Carmen, a pasos de la quinta av.",Apartment,Playa del Carmen,Mexico,June,89.00,4.78,231.0,543,14,
"Home in Santander, Philippines",Private Beach House. The Shack,Home,Santander,Philippines,June,89.00,4.88,41.0,349,14,
"Farm stay in Del Norte County, California, US",Underground Hobbit Hole @ Sustainable Ecovillage,Farm stay,Del Norte County,United States,June,89.00,4.54,195.0,654,14,California
"Loft in George Town, Malaysia",Coastline Seaview Duplex Level 19 Executive Floor,Loft,George Town,Malaysia,June,87.00,4.92,437.0,231,15,
"Loft in George Town, Malaysia",Coastline Seaview Duplex Level 19 Executive Floor,Loft,George Town,Malaysia,June,87.00,4.92,437.0,232,15,
"Cabin in Gilmour, Canada",Cozy cabin on 5 acres !,Cabin,Gilmour,Canada,June,86.00,4.73,124.0,583,16,
"Room in Saint-Mandé, France",Nice place for your stay in Paris,Room,Saint-Mandé,France,October,86.00,4.96,319.0,131,16,
"Condo in Χράνοι, Greece",Ilaira Apartments,Condo,Χράνοι,Greece,June,86.00,4.86,38.0,393,16,
"Place to stay in Ubud, Indonesia",Villa Akasha - Bio-Architected Eco Dome,Place to stay,Ubud,Indonesia,September,86.00,4.65,303.0,625,16,
"Farm stay in Pennabilli, Italy",Casa Cerbaia | Betulla,Farm stay,Pennabilli,Italy,June,86.00,4.95,19.0,181,16,
"Home in Coreggia, Italy",Silk Trulli,Home,Coreggia,Italy,June,86.00,4.52,21.0,658,16,
"Tiny home in Muldenhammer, Germany",Hascherle Hitt,Tiny home,Muldenhammer,Germany,June,86.00,5.0,57.0,13,16,
"Tiny home in Muldenhammer, Germany",Hascherle Hitt,Tiny home,Muldenhammer,Germany,June,86.00,5.0,57.0,14,16,
"Chalet in Afa, France",""" La cabane du Gozzi""",Chalet,Afa,France,June,85.00,4.79,346.0,527,17,
"Home in Reclesne, France",La Petite Chaumière,Home,Reclesne,France,June,85.00,4.79,39.0,534,17,
"Tent in Sabóia, Portugal",Lost Paradise - A night into the Alentejo!,Tent,Sabóia,Portugal,June,85.00,4.95,39.0,177,17,
"Apartment in Kuala Lumpur, Malaysia",Admire Deluxe Marble Walls at a Highrise Resort Home,Apartment,Kuala Lumpur,Malaysia,June,85.00,4.85,135.0,413,17,
"Room in Borgo Valbelluna, Italy",Bavarian room in the Dolomites,Room,Borgo Valbelluna,Italy,June,84.00,4.8,5.0,523,18,
"Hotel room in Muratpaşa, Turkey",KALEİÇİ BACCHUS OTEL DENİZ MANZARALI TATİL 501,Hotel room,Muratpaşa,Turkey,June,83.00,4.73,230.0,580,19,
"Condo in Na Chom Thian, Thailand",Veranda Residence pattaya 2bedroom partial seaview,Condo,Na Chom Thian,Thailand,June,83.00,4.89,186.0,315,19,
"Condo in Na Chom Thian, Thailand",Veranda Residence pattaya 2bedroom partial seaview,Condo,Na Chom Thian,Thailand,June,83.00,4.89,186.0,314,19,
"Guesthouse in Naples, Florida, US",Waterfront Sea Cottage,Guesthouse,Naples,United States,June,82.00,4.8,276.0,508,20,Florida
"Nature lodge in Quesada, Costa Rica",Cabin Over a water fall,Nature lodge,Quesada,Costa Rica,June,82.00,4.94,133.0,198,20,
"Shepherd’s hut in County Durham, UK",Ben's hat,Shepherd’s hut,County Durham,United Kingdom,June,82.00,4.92,356.0,234,20,
"Farm stay in Montregard, France",Vovady Farm : Roulotte Bohème,Farm stay,Montregard,France,June,82.00,4.85,34.0,428,20,
"Room in Kabupaten Badung, Indonesia",Private room4 Legian/breakfast/close to Kuta beach,Room,Kabupaten Badung,Indonesia,June,81.00,4.91,34.0,278,21,
"Earthen home in La Canourgue, France",canopy house,Earthen home,La Canourgue,France,June,81.00,4.81,212.0,496,21,
"Apartment in Cancún, Mexico",Cancun Suites (Standard Room),Apartment,Cancún,Mexico,July,81.00,4.47,192.0,662,21,
"Tiny home in Blockhouse, Canada",The Ruby -A Rustic Red Ark tiny home,Tiny home,Blockhouse,Canada,June,81.00,4.98,43.0,101,21,
"Room in Cancún, Mexico",Camilo's Luxury Shared Townhouse,Room,Cancún,Mexico,July,81.00,4.87,301.0,360,21,
"Room in Kabupaten Badung, Indonesia",Private room4 Legian/breakfast/close to Kuta beach,Room,Kabupaten Badung,Indonesia,June,81.00,4.91,34.0,277,21,
"Apartment in Calpe, Spain",Apartment Caribe - PlusHolidays,Apartment,Calpe,Spain,June,80.00,3.67,3.0,682,22,
"Cabin in La Atalaya, Spain",Cabaña ecológica de madera en la naturaleza,Cabin,La Atalaya,Spain,June,80.00,4.79,14.0,535,22,
"Cabin in Hornedo, Spain",Forest cabin,Cabin,Hornedo,Spain,September,80.00,4.84,212.0,441,22,
"Apartment in Orlando, Florida, US",Studio near Disney,Apartment,Orlando,United States,June,80.00,4.43,132.0,670,22,Florida
"Hut in Balderson, Canada",Glamping Cabin at Balderson Blueberries,Hut,Balderson,Canada,June,80.00,4.89,76.0,325,22,
"Home in Otívar, Spain","Views to the valley, Wi-Fi, Air-Con, terrace,",Home,Otívar,Spain,June,79.00,4.88,140.0,336,23,
"Hut in Kecamatan Selat, Indonesia",GLAMPING Experience with an INFINITY POOL,Hut,Kecamatan Selat,Indonesia,June,79.00,4.8,45.0,518,23,
"Apartment in Cancún, Mexico",1208 Beach property part ocean & pool view,Apartment,Cancún,Mexico,June,79.00,4.64,148.0,627,23,
"Chalet in Covilhã, Portugal",Xitaca do Pula,Chalet,Covilhã,Portugal,June,78.00,4.95,203.0,166,24,
"Apartment in San José del Cabo, Mexico",Beachfront at its finest @ San Jose del Cabo! 🤩🏄🏼‍♂️🏖,Apartment,San José del Cabo,Mexico,June,78.00,4.75,186.0,569,24,
"Room in Kassel, Germany",Cosy interesting loam house,Room,Kassel,Germany,June,78.00,5.0,10.0,46,24,
"Place to stay in Krabčice, Czechia","R.I.P. by ŘÍP - 
Rest In Pod by ŘÍP",Place to stay,Krabčice,Czechia,June,78.00,4.92,36.0,253,24,
"Houseboat in Jickovice, Czechia","Boat in Orlik, you want it!",Houseboat,Jickovice,Czechia,June,78.00,4.31,29.0,679,24,
"Home in Hua Hin, Thailand",Cool Home w Garden near Sea,Home,Hua Hin,Thailand,July,77.00,4.81,360.0,492,25,
"Home in Hua Hin, Thailand",Cool Home w Garden near Sea,Home,Hua Hin,Thailand,July,77.00,4.81,360.0,493,25,
"Cabin in Idrac respailles , France",Cabin into the wild,Cabin,Idrac respailles,France,June,77.00,4.67,282.0,616,25,
"Cottage in Wheatley, Canada","Cozy Modern Beach House w/ Pool, Hot Tub & More!",Cottage,Wheatley,Canada,June,764.00,4.74,19.0,579,26,
"Cabin in Totana, Spain",Rural Aledo - El Estrecho,Cabin,Totana,Spain,June,76.00,4.78,24.0,552,27,
"Cabin in Jacó, Costa Rica",Jungle house 3km to Jaco beach & town center,Cabin,Jacó,Costa Rica,June,76.00,4.84,153.0,443,27,
"Cabin in Totana, Spain",Rural Aledo - El Estrecho,Cabin,Totana,Spain,June,76.00,4.78,24.0,553,27,
"Farm stay in Gianyar, Indonesia","Bebalilodge, one bedroom house with private pool",Farm stay,Gianyar,Indonesia,October,76.00,4.97,153.0,111,27,
"Tiny home in Peachland, Canada",Haven in the Woods- tiny home WiFi & solar power,Tiny home,Peachland,Canada,June,76.00,5.0,4.0,59,27,
"Cabin in Torsåker, Sweden",Cozy cottage in Torsåker (Hofors),Cabin,Torsåker,Sweden,June,75.00,4.83,254.0,458,28,
"Boutique hotel in Kathu District, Thailand",B Designer King Bed with Partial SEA VIEW bath,Boutique hotel,Kathu District,Thailand,June,75.00,4.5,281.0,660,28,
"Apartment in Playa del Carmen, Mexico",It Hotel & Residences - Studio Rental in PDC,Apartment,Playa del Carmen,Mexico,June,75.00,4.79,253.0,528,28,
"Cottage in Luquillo, Puerto Rico",The Sugar Shack a unique cabin in the Rainforest,Cottage,Luquillo,Puerto Rico,September,75.00,4.92,447.0,230,28,
"Farm stay in Agello, Italy",Historic residence surrounded by olive trees,Farm stay,Agello,Italy,June,75.00,4.98,46.0,94,28,
"Condo in Johor Bahru, Malaysia","Baby & kids friendly, JB CIQ, Romantic Duplex",Condo,Johor Bahru,Malaysia,June,75.00,4.82,182.0,479,28,
"Cabin in Fennville, Michigan, US",Fire & Water | Rejuvenating Stay on the Riverbend,Cabin,Fennville,United States,June,743.00,4.83,175.0,461,29,Michigan
"Treehouse in Atenas, Costa Rica",Treehouse on a Coffee Farm with Ocean View,Treehouse,Atenas,Costa Rica,June,74.00,5.0,13.0,35,30,
"Bungalow in Izmir, Turkey",İzmir Bungalow. ( Urla treehouse 1),Bungalow,Izmir,Turkey,June,74.00,4.82,223.0,476,30,
"Bungalow in Izmir, Turkey",İzmir Bungalow. ( Urla treehouse 1),Bungalow,Izmir,Turkey,June,74.00,4.82,223.0,477,30,
"Hut in Witzenhausen, Germany","Countryside Sleeps, Bakery, Homestay",Hut,Witzenhausen,Germany,July,73.00,4.95,385.0,161,31,
"Room in Borgo Valsugana, Italy","La Tana del Lupo B&B, family and outdoor sports",Room,Borgo Valsugana,Italy,September,73.00,4.99,121.0,71,31,
"Room in Borgo Valsugana, Italy","La Tana del Lupo B&B, family and outdoor sports",Room,Borgo Valsugana,Italy,September,73.00,4.99,121.0,72,31,
"Home in Taktikoupoli, Greece",Levanda Home,Home,Taktikoupoli,Greece,October,73.00,4.91,147.0,267,31,
"Farm stay in Nyköping S, Sweden",Simple guesthouse on a farm. Double bed and sofa bed. Free Wi-Fi and parking. WC and living room/kitchenette in separate building,Farm stay,Nyköping S,Sweden,June,73.00,4.89,18.0,328,31,
"Bungalow in Puerto Viejo de Talamanca, Costa Rica",CASA BADAWI in 400m Tropical Garden. Optical Fiber,Bungalow,Puerto Viejo de Talamanca,Costa Rica,June,72.00,4.96,108.0,143,32,
"Hut in Kecamatan Ubud, Indonesia","DAY CLOUDS, Ubud",Hut,Kecamatan Ubud,Indonesia,July,72.00,4.59,122.0,641,32,
"Place to stay in Nusapenida, Indonesia",Batan Sabo Cottage,Place to stay,Nusapenida,Indonesia,September,72.00,4.72,459.0,586,32,
"Resort in Tambon Maret, Thailand",DELUXE SEA VIEW + Hot Tub @Koh Samui,Resort,Tambon Maret,Thailand,June,72.00,4.63,16.0,633,32,
"Apartment in Kuala Lumpur, Malaysia",Walk to Petronas Towers from a Stylish Apartment,Apartment,Kuala Lumpur,Malaysia,June,71.00,4.89,296.0,309,33,
"Hotel in Tambon Ratsada, Thailand",Hotel Room with Private Plunge Pool Siray Bay#2,Hotel,Tambon Ratsada,Thailand,June,71.00,5.0,13.0,39,33,
"Hotel in Tambon Ratsada, Thailand",Hotel Room with Private Plunge Pool Siray Bay#2,Hotel,Tambon Ratsada,Thailand,June,71.00,5.0,13.0,38,33,
"Resort in Lian, Philippines",#1Beach Front Villa room Villa Blanca Beach Front,Resort,Lian,Philippines,June,71.00,4.58,114.0,642,33,
"Place to stay in East Farndon, UK",Rural farm-Spacious triple bedroom with en suite,Place to stay,East Farndon,United Kingdom,July,71.00,4.92,113.0,247,33,
"Tiny home in Maynooth, Canada",Cozy Cabin #2 - private cabin in the wilderness!,Tiny home,Maynooth,Canada,June,71.00,4.89,90.0,324,33,
"Apartment in Thessaloniki, Greece",Waterfront #41Design - CozyCityCenter Flat,Apartment,Thessaloniki,Greece,July,70.00,4.84,546.0,437,34,
"Hotel room in Gili Trawangan, Indonesia",Coconut Garden Resort Gili Trawangan,Hotel room,Gili Trawangan,Indonesia,July,69.00,4.84,242.0,439,35,
"Bungalow in Fethiye, Turkey",Kaktus Suites Fethiye - City Bungalow 2 w/pool,Bungalow,Fethiye,Turkey,June,69.00,4.87,53.0,373,35,
"Condo in Manila, Philippines","Amazing Manila Bay View! Spacious Comfy, Clean *31",Condo,Manila,Philippines,June,69.00,4.9,154.0,294,35,
"Room in Torreglia, Italy",Country House,Room,Torreglia,Italy,June,69.00,4.94,84.0,202,35,
"Home in Kuta, Indonesia",Villa Seminyak 1 Bedroom 10 Mins to Beach,Home,Kuta,Indonesia,June,69.00,4.67,340.0,615,35,
"Room in Torreglia, Italy",Country House,Room,Torreglia,Italy,June,69.00,4.94,84.0,201,35,
"Treehouse in Bali, Indonesia",Lounge Poolside Under Lush Greenery at an Organic Bamboo Pad,Treehouse,Bali,Indonesia,July,69.00,4.71,98.0,597,35,
"Treehouse in Bali, Indonesia",Lounge Poolside Under Lush Greenery at an Organic Bamboo Pad,Treehouse,Bali,Indonesia,July,69.00,4.71,98.0,596,35,
"Home in Port Angeles, Washington, US",Lake Sutherland Waterfront Cabin w/ Expansive Dock,Home,Port Angeles,United States,September,688.00,4.82,83.0,484,36,Washington
"Room in Santa Lucia, Italy",Star Night Room - Van Gogh Hills B&B,Room,Santa Lucia,Italy,June,68.00,4.91,23.0,280,37,
"Villa in Uluwatu, Indonesia","Spectacular Ocean View Villa in Uluwatu, Bali",Villa,Uluwatu,Indonesia,June,673.00,4.94,143.0,197,38,
"Cottage in Bodega Bay, California, US","Seamist Beach Cottage, Private Beach & Ocean views",Cottage,Bodega Bay,United States,August,670.00,4.7,256.0,600,39,California
"Cottage in Benalauría, Spain","""La Parra"", rural tourism. Your home in paradise.",Cottage,Benalauría,Spain,September,67.00,4.99,335.0,65,40,
"Cottage in Benalauría, Spain","""La Parra"", rural tourism. Your home in paradise.",Cottage,Benalauría,Spain,September,67.00,4.99,335.0,64,40,
"Tiny home in Medellín, Colombia",Tiny House Cubo Nube Santa Elena 40 min. Medellin.,Tiny home,Medellín,Colombia,June,67.00,4.95,197.0,167,40,
"Treehouse in Fredericksburg, Texas, US",Luxury Tree House X Magical Romantic Forest! Pool!,Treehouse,Fredericksburg,United States,June,658.00,4.91,142.0,269,41,Texas
"Apartment in Tambon Kamala, Thailand",(A)Charming Pool Access One Bedroom Apartment,Apartment,Tambon Kamala,Thailand,June,65.00,4.82,68.0,487,42,
"Room in Ubud, Indonesia",Luxury Villa in Ubud,Room,Ubud,Indonesia,June,65.00,4.91,54.0,274,42,
"Apartment in Tambon Kamala, Thailand",(A)Charming Pool Access One Bedroom Apartment,Apartment,Tambon Kamala,Thailand,June,65.00,4.82,68.0,488,42,
"Apartment in Tambon Kamala, Thailand",(A)Charming Pool Access One Bedroom Apartment,Apartment,Tambon Kamala,Thailand,June,65.00,4.82,68.0,489,42,
"Condo in Malibu, California, US","Malibu, Carbon Beach - Suite Three",Condo,Malibu,United States,June,649.00,4.8,425.0,504,43,California
"Apartment in Tambon Patong, Thailand",SUNSET SEAVIEW DELUXE PATONG - POOL+TERRACE,Apartment,Tambon Patong,Thailand,June,64.00,4.8,159.0,513,44,
"Cabin in Bridge of Earn, UK","The Haven Hut, warm, cosy and cute.",Cabin,Bridge of Earn,United Kingdom,June,64.00,4.67,9.0,620,44,
"Cabin in Bridge of Earn, UK","The Haven Hut, warm, cosy and cute.",Cabin,Bridge of Earn,United Kingdom,June,64.00,4.77,69.0,562,44,
"Apartment in Tambon Patong, Thailand",SUNSET SEAVIEW DELUXE PATONG - POOL+TERRACE,Apartment,Tambon Patong,Thailand,June,64.00,4.8,159.0,511,44,
"Apartment in Phuket, Thailand, Thailand",White Breeze Pool 1BD Apartment,Apartment,Phuket,Thailand,June,64.00,4.69,112.0,605,44,Thailand
"Apartment in Tambon Patong, Thailand",SUNSET SEAVIEW DELUXE PATONG - POOL+TERRACE,Apartment,Tambon Patong,Thailand,June,64.00,4.8,159.0,512,44,
"Boutique hotel in Ko Samui, Thailand",Pool Villa by Humble,Boutique hotel,Ko Samui,Thailand,June,63.00,4.93,105.0,219,45,
"Apartment in Muang Pattaya, Thailand",#18 2022 Newest! Downtown Lux Fun Sea View Condo,Apartment,Muang Pattaya,Thailand,June,63.00,5.0,27.0,21,45,
"Dome in Atzeneta del Maestrat, Spain",Private domed Copula @ Free Spirit horse refuge,Dome,Atzeneta del Maestrat,Spain,June,63.00,4.61,154.0,636,45,
"Villa in Bacnotan, La Union, Philippines","Private Modern Beachfront Villa: Pool, Sunset View",Villa,Bacnotan,Philippines,June,628.00,5.0,15.0,34,46,La Union
"Villa in Bacnotan, La Union, Philippines","Private Modern Beachfront Villa: Pool, Sunset View",Villa,Bacnotan,Philippines,June,628.00,5.0,15.0,33,46,La Union
"Room in Botolan, Philippines",The Blue Cabin #Beach,Room,Botolan,Philippines,June,62.00,4.85,59.0,424,47,
"Apartment in Kuala Lumpur, Malaysia",Premier Lux Studio Large Tv Free Netflix | City,Apartment,Kuala Lumpur,Malaysia,June,62.00,4.9,166.0,292,47,
"Guest suite in La Marsa, Tunisia",THE AQUARIUM … waterfront 🧜🏾‍♂️,Guest suite,La Marsa,Tunisia,June,61.00,4.72,103.0,589,48,
"Apartment in Rodos, Greece",Central 1bedroom apt by the sea,Apartment,Rodos,Greece,October,61.00,4.76,214.0,566,48,
"Guest suite in La Marsa, Tunisia",THE AQUARIUM … waterfront 🧜🏾‍♂️,Guest suite,La Marsa,Tunisia,June,61.00,4.72,103.0,590,48,
"Apartment in Abram, Greece",Infinity Abram,Apartment,Abram,Greece,June,61.00,4.57,44.0,646,48,
"Home in Miazzina, Italy","Baita Vrei (2)""Titta"" - Hut Lago Maggiore",Home,Miazzina,Italy,June,61.00,4.84,63.0,450,48,
"Condo in Roviano, Italy",Apartment-Mansarda Vista Castello,Condo,Roviano,Italy,June,61.00,5.0,8.0,52,48,
"Cabin in Santa Marta, Colombia",The Dawn of Annapurna Cabin,Cabin,Santa Marta,Colombia,July,61.00,4.87,188.0,365,48,
"Home in Saco, Maine, US",The Beach House. Oceanfront & Sunrise Views!,Home,Saco,United States,June,607.00,4.64,90.0,629,49,Maine
"Room in Rome, Italy",Cozy en-suite double room in S. Peter's / Borgo,Room,Rome,Italy,November,60.00,4.88,331.0,330,50,
"Apartment in Kuala Lumpur, Malaysia",Instagrammable Loft Studio in EkoCheras KL,Apartment,Kuala Lumpur,Malaysia,July,60.00,4.94,84.0,203,50,
"Hostel in Tulum, Mexico",Meteora Stay & Coffehouse Tulum - Deluxe Queen,Hostel,Tulum,Mexico,June,59.00,4.74,105.0,577,51,
"Condo in Khet Watthana, Thailand","【CENTRAL STUDIO】0-min BTS ASOK, FAST WIFI, NETFLIX",Condo,Khet Watthana,Thailand,June,58.00,4.74,252.0,576,52,
"Loft in Mazamitla, Mexico",Loft ALAMO /El Refugio Cabañas Mazamitla,Loft,Mazamitla,Mexico,June,58.00,4.44,146.0,668,52,
"Loft in Baošići, Montenegro",Porto Bello Lux ( Sea View & Swimming Pool),Loft,Baošići,Montenegro,June,58.00,4.9,110.0,296,52,
"Loft in Baošići, Montenegro",Porto Bello Lux ( Sea View & Swimming Pool),Loft,Baošići,Montenegro,June,58.00,4.9,110.0,297,52,
"Tiny home in Vouzela, Portugal",Gallas Pod House,Tiny home,Vouzela,Portugal,June,57.00,5.0,25.0,23,53,
"Hut in Wolfegg, Germany","Shepherd's hut ""Wolkakkrazer"" near Wolfegg",Hut,Wolfegg,Germany,July,57.00,4.88,220.0,333,53,
"Loft in Mexico City, Mexico",Loft Boutique Cd de México Mountain view 🏔,Loft,Mexico City,Mexico,July,57.00,4.84,155.0,442,53,
"Apartment in Cancún, Mexico",Majestic Ocean Front Terrace II,Apartment,Cancún,Mexico,July,57.00,4.83,240.0,459,53,
"Apartment in La Habana, Cuba",Old Havana+Cuban Style Place+Roof Top+WiFi,Apartment,La Habana,Cuba,June,57.00,4.48,161.0,661,53,
"Apartment in Punta Cana, Dominican Republic",Charming Beach Condo in Bavaro Top Location,Apartment,Punta Cana,Dominican Republic,June,57.00,4.76,200.0,567,53,
"Apartment in Patong, Thailand","Endless Patong Ocean View from a Hilltop Condominium, Phuket",Apartment,Patong,Thailand,June,56.00,4.95,252.0,163,54,
"Room in Barcelona , Spain",Nice room in duplex + terrace near BCN,Room,Barcelona,Spain,November,55.00,4.89,128.0,320,55,
"Apartment in Plaka, Greece","Akti Karras, Plaka Naxos (up to 2 guests)",Apartment,Plaka,Greece,June,55.00,4.91,23.0,281,55,
"Home in Cabo San Lucas, Mexico","Cabo Center,Ocean view Great price!",Home,Cabo San Lucas,Mexico,June,55.00,4.94,615.0,183,55,
"Shepherd’s hut in Hessisch Lichtenau, Germany","""Lieblingsplatz"" shepherd's hut",Shepherd’s hut,Hessisch Lichtenau,Germany,June,55.00,4.96,24.0,151,55,
"Room in Dassel, Germany",Alte Wassermühle Friedrichshausen - Eulenstube,Room,Dassel,Germany,June,55.00,4.96,25.0,149,55,
"Room in Cuauhtémoc, , Mexico",Guest Suite in Historic Architecture Home,Room,Cuauhtémoc,Mexico,June,55.00,4.82,443.0,472,55,
"Apartment in Tulum, Mexico",☆King Bed Apartment☆ Suk-Ha ☆ La Veleta,Apartment,Tulum,Mexico,June,55.00,4.6,73.0,637,55,
"Apartment in Port Dickson, Malaysia",PD D'Wharf Premium Suite - Full Seaview (4-6 Pax),Apartment,Port Dickson,Malaysia,June,54.00,4.88,129.0,337,56,
"Apartment in Kuala Lumpur, Malaysia",EXPRESSIONZ-1Bedroom-Junior-Suite-KLCC-Sky-Pool,Apartment,Kuala Lumpur,Malaysia,June,53.00,4.78,408.0,538,57,
"Shipping container in Tambon Bo Put, Thailand",New 2BR+2Bath Eco Home,Shipping container,Tambon Bo Put,Thailand,July,53.00,4.73,11.0,585,57,
"Apartment in Kuala Lumpur, Malaysia",EXPRESSIONZ-1Bedroom-Junior-Suite-KLCC-Sky-Pool,Apartment,Kuala Lumpur,Malaysia,June,53.00,4.78,408.0,539,57,
"Room in Kabupaten Buleleng, Indonesia",private villa with infinity pool hill and sea view,Room,Kabupaten Buleleng,Indonesia,October,53.00,4.8,35.0,520,57,
"Apartment in PHUKET, Thailand",★Studio in Seafront Private Villa w/infinity pool★,Apartment,PHUKET,Thailand,June,53.00,4.83,93.0,465,57,
"Apartment in PHUKET, Thailand",★Studio in Seafront Private Villa w/infinity pool★,Apartment,PHUKET,Thailand,June,53.00,4.83,93.0,466,57,
"Apartment in Areti, Greece",Echoes Exclusive Suite,Apartment,Areti,Greece,June,526.00,4.98,40.0,102,58,
"Apartment in Areti, Greece",Echoes Exclusive Suite,Apartment,Areti,Greece,June,526.00,4.98,40.0,103,58,
"Condo in Bayan Lepas, Malaysia",Cozy Seafront Studio Suite Near Queensbay,Condo,Bayan Lepas,Malaysia,June,52.00,4.83,263.0,457,59,
"Villa in Abiansemal, Indonesia","Aura House 2bds Eco Bamboo House, Pool, River View",Villa,Abiansemal,Indonesia,January,513.00,4.87,209.0,363,60,
"Condo in Federal Territory of Kuala Lumpur,, Malaysia",Arte Mont Kiara Muji Suites,Condo,Federal Territory of Kuala Lumpur,Malaysia,June,51.00,4.59,406.0,639,61,
"Cabin in Lazi, Philippines",Enchanted River cabin w/private garden and kitchen,Cabin,Lazi,Philippines,August,51.00,4.85,127.0,415,61,
"Room in Cancún, Mexico","Surf, family & friends! Tropical Room in downtown",Room,Cancún,Mexico,June,51.00,4.95,86.0,173,61,
"Cabin in Medellín, Colombia",Chalet Boutique Saltamontes Santa Elena,Cabin,Medellín,Colombia,June,51.00,4.94,232.0,191,61,
"Cabin in Zapotal, Costa Rica",Pipe’s Lodge,Cabin,Zapotal,Costa Rica,June,51.00,4.87,31.0,376,61,
"Cabin in Lazi, Philippines",Enchanted River cabin w/private garden and kitchen,Cabin,Lazi,Philippines,August,51.00,4.85,127.0,414,61,
"Cabin in Lazi, Philippines",Enchanted River cabin w/private garden and kitchen,Cabin,Lazi,Philippines,August,51.00,4.85,127.0,416,61,
"Villa in Tampaksiring, Indonesia",Luxury 5 BDR Resort w/ Gym & Ricefield View,Villa,Tampaksiring,Indonesia,September,506.00,4.78,101.0,548,62,
"Hotel in Tepoztlán, Mexico",Posada Sarita,Hotel,Tepoztlán,Mexico,June,50.00,4.56,176.0,648,63,
"Hotel in Tepoztlán, Mexico",Posada Sarita,Hotel,Tepoztlán,Mexico,June,50.00,4.56,176.0,647,63,
"Guesthouse in Esche, Germany",Guesthouse an der Vechte,Guesthouse,Esche,Germany,July,50.00,4.94,104.0,199,63,
"Cabin in Ucluelet, Canada",Peace Cabin - private waterfront forest retreat,Cabin,Ucluelet,Canada,September,497.00,4.99,69.0,75,64,
"Room in UbudUbud, Gianyar, Indonesia",Luxe Suite: Villacellabella Ubud Bali Instaworthy,Room,UbudUbud,Indonesia,June,490.00,4.92,167.0,244,65,Gianyar
"Apartment in Tambon Patong, Thailand",One-Bedroom Suite in Patong Beach,Apartment,Tambon Patong,Thailand,June,49.00,4.73,67.0,584,66,
"Condo in Cebu City, Philippines",5-Star Experience at the Heart of Cebu,Condo,Cebu City,Philippines,August,49.00,4.96,280.0,133,66,
"Place to stay in Kamala, Thailand","Maphrao in Kamala, accommodation on the beach",Place to stay,Kamala,Thailand,June,49.00,4.89,37.0,327,66,
"Resort in Langkawi, Malaysia","S101 Beachfront Private Villa,
A Resort by the Sea",Resort,Langkawi,Malaysia,June,49.00,4.75,80.0,572,66,
"Yurt in Finestrat, Spain",Yurt op Off-Grid Homestead,Yurt,Finestrat,Spain,June,49.00,4.92,38.0,252,66,
"Cabin in Hancock, New York, US",The Catskill A-Frame - Mid-Century Modern Cabin,Cabin,Hancock,United States,June,485.00,4.77,146.0,557,67,New York
"Cabin in Klungkung, Indonesia",Dreamy Cliffside Bamboo Villa with Pool and View,Cabin,Klungkung,Indonesia,November,484.00,4.98,58.0,90,68,
"Treehouse in Klungkung, Indonesia",Cliffside Bamboo Treehouse - Private Pool & View,Treehouse,Klungkung,Indonesia,November,484.00,5.0,59.0,12,68,
"Cottage in Oceanside, California, US","Beach Bungalow on the Sand, Steps to the Ocean",Cottage,Oceanside,United States,June,483.00,4.93,213.0,215,69,California
"Home in Shirley, Canada",♨ Cedar Coast Lodge - Coastal retreat w/ HOT TUB,Home,Shirley,Canada,June,480.00,4.82,125.0,482,70,
"Bungalow in Nusapenida, Indonesia",Tropical Glamping 🌴 Cliff Side Ocean View + Net🐬,Bungalow,Nusapenida,Indonesia,October,474.00,4.93,209.0,216,71,
"Villa in Lian, Philippines",SoftLaunch IbizaInspiredBeachfrontVilla inBatangas,Villa,Lian,Philippines,July,473.00,4.91,11.0,283,72,
"Villa in Lian, Philippines",SoftLaunch IbizaInspiredBeachfrontVilla inBatangas,Villa,Lian,Philippines,July,473.00,4.91,11.0,282,72,
"Condo in Tambon Na Chom Thian, Thailand",Veranda Residence pattaya 1BR partial sea view,Condo,Tambon Na Chom Thian,Thailand,June,47.00,4.8,95.0,517,73,
"Island in El Nido, Philippines","Exclusive Private Island + Brother Island, El Nido",Island,El Nido,Philippines,June,469.00,4.82,131.0,481,74,
"Home in Vero Beach, Florida, US","Heated Pool, Putt Putt Golf",Home,Vero Beach,United States,June,468.00,4.93,15.0,228,75,Florida
"Home in Malibu, California, US",Guesthouse Great Ocean & Mountain Views near Beach,Home,Malibu,United States,July,468.00,4.87,694.0,351,75,California
"Cabin in Rodney, Canada",SECLUDED LAKESIDE CABIN,Cabin,Rodney,Canada,July,463.00,4.99,172.0,70,76,
"Villa in Banjar, Indonesia",4br Lovina Paradise - Ocean View,Villa,Banjar,Indonesia,June,460.00,4.93,40.0,225,77,
"Camper/RV in Wettringen, Germany",Trailer Paradise Ivonete _unwind,Camper/RV,Wettringen,Germany,June,46.00,4.97,71.0,118,78,
"Villa in Tampaksiring, Indonesia",Beetle - Bamboo Villa in Eco Six Bali Resort,Villa,Tampaksiring,Indonesia,October,458.00,4.82,82.0,485,79,
"Home in Kecamatan Tampaksiring, Indonesia",Six-Bamboo Villa in Eco Six Bali Resort,Home,Kecamatan Tampaksiring,Indonesia,September,458.00,5.0,5.0,56,79,
"Villa in Karangasem, Indonesia","Luxury Ocean Front, 2,500sq ft Private Eco Villa!",Villa,Karangasem,Indonesia,June,450.00,4.96,24.0,153,80,
"Villa in Karangasem, Indonesia","Luxury Ocean Front, 2,500sq ft Private Eco Villa!",Villa,Karangasem,Indonesia,June,450.00,4.96,24.0,154,80,
"Condo in Chiang Mai, Thailand",Cozy room 48.5 sq.m @The Astra near Night market,Condo,Chiang Mai,Thailand,June,45.00,4.89,190.0,311,81,
"Condo in Chiang Mai, Thailand",Cozy room 48.5 sq.m @The Astra near Night market,Condo,Chiang Mai,Thailand,June,45.00,4.89,190.0,312,81,
"Condo in Chiang Mai, Thailand",Cozy room 48.5 sq.m @The Astra near Night market,Condo,Chiang Mai,Thailand,June,45.00,4.89,190.0,313,81,
"Apartment in Cancún, Mexico",Amazing Ocean Front II,Apartment,Cancún,Mexico,July,45.00,4.88,306.0,331,81,
"Apartment in Quận 4, Vietnam",DANNY’s HIGH VIEW STUDIO near District1 Ben Thanh!,Apartment,Quận 4,Vietnam,June,44.00,4.78,167.0,545,82,
"Apartment in Quận 4, Vietnam",DANNY’s HIGH VIEW STUDIO near District1 Ben Thanh!,Apartment,Quận 4,Vietnam,June,44.00,4.78,167.0,546,82,
"Condo in Johor Bahru, Malaysia",【R&F】Studio of Dual-Key Homely Getaway byⓗⓢ,Condo,Johor Bahru,Malaysia,June,44.00,4.78,139.0,547,82,
"Apartment in Tambon Patong, Thailand",1 BR Phuket Modern Luxury Living,Apartment,Tambon Patong,Thailand,June,44.00,4.68,202.0,609,82,
"Hotel in Kecamatan Ubud, Indonesia",Stunning Room Near Ubud Market - Outdoor Pool!!,Hotel,Kecamatan Ubud,Indonesia,September,44.00,4.78,358.0,540,82,
"Cabin in Filipstad N, Sweden",FredrikLars farm at Nordmarksberg Manor,Cabin,Filipstad N,Sweden,June,44.00,4.98,46.0,95,82,
"Room in London, UK",Room available in Greater London suburb home,Room,London,United Kingdom,May,43.00,4.98,94.0,85,83,
"Room in La Habana, Cuba",Casa Blanca B&B with beautiful terrace &sea views,Room,La Habana,Cuba,September,43.00,4.82,359.0,473,83,
"Room in Acapulco, Mexico",Beach crab.,Room,Acapulco,Mexico,June,43.00,4.74,270.0,575,83,
"Room in Rome, Italy",Xavier House,Room,Rome,Italy,October,43.00,4.89,184.0,316,83,
"Chalet in Matapalo, Costa Rica","House1 private swming pool, BBQ ranch, wifi 200mb",Chalet,Matapalo,Costa Rica,June,43.00,4.83,108.0,464,83,
"Villa in Tagaytay, Philippines",My Canopy Tagaytay (with thermal pool),Villa,Tagaytay,Philippines,September,424.00,4.91,81.0,271,84,
"Cabin in Tampaksiring, Indonesia",Dome - Bamboo Villa in Eco Six Bali,Cabin,Tampaksiring,Indonesia,July,420.00,4.87,85.0,371,85,
"Room in La Habana, Cuba",Camera argento in tipica casa coloniale,Room,La Habana,Cuba,June,42.00,4.81,168.0,500,86,
"Treehouse in Mons, France",Delightful rustic treehouse,Treehouse,Mons,France,June,42.00,4.67,9.0,621,86,
"Apartment in Acapulco, Mexico",COMFORTABLE BEACH DEPA OVERLOOKING THE SEA,Apartment,Acapulco,Mexico,June,42.00,4.57,226.0,644,86,
"Room in Rüthen, Germany",Private room in the heart of nature,Room,Rüthen,Germany,June,42.00,4.96,114.0,142,86,
"Tent in Kintamani, Indonesia",Mt Batur Sunrise & overnight,Tent,Kintamani,Indonesia,June,42.00,4.97,29.0,126,86,
"Condo in Cebu City, Philippines",Scenic Cebu City View Condo in Ayala,Condo,Cebu City,Philippines,June,41.00,4.98,315.0,78,87,
"Villa in Phuket, Thailand",Waterfront Traditional Thai Style Pool Villa (V7),Villa,Phuket,Thailand,June,41.00,4.71,82.0,598,87,
"Room in Acapulco, Mexico",Love nest when singing of the Sea!,Room,Acapulco,Mexico,June,41.00,4.68,266.0,608,87,
"Home in Kawartha Lakes, Canada",nortehaus - Nordic and Japanese inspired escape,Home,Kawartha Lakes,Canada,June,402.00,5.0,24.0,24,88,
"Apartment in Melaka, Malaysia",Yuma • Atlantis Melaka/3BR 8Pax WiFi Balcony SeaView,Apartment,Melaka,Malaysia,June,40.00,4.43,7.0,671,89,
"Chalet in Cajicá, Colombia",Casa Anís,Chalet,Cajicá,Colombia,June,40.00,4.96,202.0,137,89,
"Place to stay in Tepoztlán, Mexico",M6. Alojamiento ideal para explorar Tepoztlán,Place to stay,Tepoztlán,Mexico,June,40.00,4.86,28.0,396,89,
"Apartment in Phuket, Thailand","Luxury room & Sky pool, in Phuket town",Apartment,Phuket,Thailand,June,40.00,4.81,210.0,497,89,
"Apartment in Phuket, Thailand","Luxury room & Sky pool, in Phuket town",Apartment,Phuket,Thailand,June,40.00,4.81,210.0,498,89,
"Treehouse in Torbalı, Turkey","Treehouse Izmir 
View all our houses please ..",Treehouse,Torbalı,Turkey,June,40.00,4.9,394.0,285,89,
"Apartment in Miami, Florida, US","LUXURY 5★s ICON BRICKELL CONDO@47TH, GYM/POOL",Apartment,Miami,United States,June,398.00,4.89,605.0,303,90,Florida
"Cottage in Harcourt, Canada",Scandinavian-Inspired Tiny Home Experience,Cottage,Harcourt,Canada,September,392.00,4.98,95.0,83,91,
"Tiny home in Cavinti, Philippines","Explore, Experience, Enjoy T-HOUSE Lakestaycation!",Tiny home,Cavinti,Philippines,June,39.00,4.43,160.0,669,92,
"Chalet in Grand Étang, Canada",• Cedar Peak • 2 Bedroom Barrier-Free Chalet,Chalet,Grand Étang,Canada,June,381.00,5.0,48.0,15,93,
"Villa in Kecamatan Tampaksiring, Indonesia",*NEW* Lovely New 3BR Villa Stunning Jungle View,Villa,Kecamatan Tampaksiring,Indonesia,September,381.00,4.7,69.0,601,93,
"Apartment in Playa del Carmen, Mexico",BoHo lofts & studios new modern w/ ocean-view pool,Apartment,Playa del Carmen,Mexico,June,38.00,4.59,183.0,640,94,
"Apartment in Kuala Lumpur, Malaysia",1min KLCC Twin Tower & Pavilion/Ins cottage for best memories,Apartment,Kuala Lumpur,Malaysia,June,38.00,4.91,278.0,261,94,
"Condo in Quận 4, Vietnam",10' walk to Bitexco D1 45sqm Studio - Stay&Fun 01,Condo,Quận 4,Vietnam,June,38.00,4.8,163.0,510,94,
"Apartment in PHUKET, Thailand",Studio in Beachfront Private Villa w/Infinity pool,Apartment,PHUKET,Thailand,June,38.00,4.88,64.0,344,94,
"Home in Las Negras, Spain",La Casita de Las Negras,Home,Las Negras,Spain,June,370.00,4.85,26.0,429,95,
"Apartment in Punta Cana, Dominican Republic",Pool View Beach Residence / Private Beach Access,Apartment,Punta Cana,Dominican Republic,June,37.00,4.71,156.0,595,96,
"Villa in Tampaksiring, Indonesia",Romantic 1br Villa - Ubud Jungle,Villa,Tampaksiring,Indonesia,December,363.00,5.0,13.0,37,97,
"Home in Borinquen, Puerto Rico",The Nest at Crash Boat. Only waterfront on Beach,Home,Borinquen,Puerto Rico,August,363.00,4.9,143.0,295,97,
"Chalet in Durham, Canada",Newly-Constructed Riverfront Chalet,Chalet,Durham,Canada,June,360.00,4.97,95.0,115,98,
"Villa in Rayong, Thailand","Luxury Beach Front Pool Villa, Phuphatara Rayong",Villa,Rayong,Thailand,June,359.00,4.68,85.0,611,99,
"Cabin in Millbrook, UK",Romantic Ocean View Couples Retreat Cornwall,Cabin,Millbrook,United Kingdom,June,357.00,5.0,61.0,11,100,
"Cabin in Millbrook, UK",Romantic Ocean View Couples Retreat Cornwall,Cabin,Millbrook,United Kingdom,June,357.00,5.0,61.0,10,100,
"Cabin in Bryson City, North Carolina, US",Secluded View! A-Frame Hot Tub and Fire Pit,Cabin,Bryson City,United States,June,354.00,4.95,20.0,179,101,North Carolina
"Apartment in Phuket, Thailand",Cozy Place near Shopping Center,Apartment,Phuket,Thailand,June,35.00,4.96,237.0,136,102,
"Loft in Pasig, Philippines",Cozy & Modern Loft w/ high speed wi-fi and Netflix,Loft,Pasig,Philippines,July,35.00,4.92,196.0,239,102,
"Loft in Pasig, Philippines",Cozy & Modern Loft w/ high speed wi-fi and Netflix,Loft,Pasig,Philippines,July,35.00,4.92,196.0,240,102,
"Cabin in Reaboro, Canada",Cedar Springs Cabin - A Cozy Hideaway in the Woods,Cabin,Reaboro,Canada,June,346.00,4.97,76.0,116,103,
"Campsite in Nemaiah Valley, Canada",Sunset Wilderness Camp,Campsite,Nemaiah Valley,Canada,June,34.00,4.0,3.0,681,104,
"Room in El Nido, Philippines",A Divers Home: beachfront room with sunset view,Room,El Nido,Philippines,June,34.00,4.89,98.0,323,104,
"Room in Kecamatan Denpasar Selatan, Indonesia",Poolside room in large villa. 5 minutes to beach.,Room,Kecamatan Denpasar Selatan,Indonesia,August,34.00,5.0,37.0,18,104,
"Apartment in Kadıköy, Turkey",Studio apartment with AC - Suite 3,Apartment,Kadıköy,Turkey,June,34.00,5.0,3.0,62,104,
"Condo in Pasig, Philippines",A Chic and Cozy 2Br Unit w/ Netflix and Disney+,Condo,Pasig,Philippines,June,34.00,4.94,295.0,189,104,
"Home in Avalon, California, US","Tropical Island Escape w/ Deck, Walk to Avalon Bay",Home,Avalon,United States,June,336.00,4.34,80.0,677,105,California
"Cottage in Huntsville, Canada","Cabin for 2 w/ Hot Tub, Muskoka Romantic Getaway",Cottage,Huntsville,Canada,June,335.00,4.97,179.0,109,106,
"Dome in Windermere, Canada",Cougar Dome at Winderdome Resort!,Dome,Windermere,Canada,August,335.00,5.0,16.0,31,106,
"Tiny home in Malibu, California, US","Malibu Charming GH, Mins Drive to Beach & Hike",Tiny home,Malibu,United States,July,332.00,4.78,558.0,536,107,California
"Apartment in Pasay, Philippines",Comfy-Cozy-Cheap @ NAIA 3 near RW w/ NETFLIX,Apartment,Pasay,Philippines,July,33.00,4.86,692.0,377,108,
"Home in Tegallalang, Indonesia",Romantic hideaway for two,Home,Tegallalang,Indonesia,October,33.00,4.97,229.0,108,108,
"Apartment in 清迈, Thailand",清迈 The Astra Condo长康路无边泳池豪华公寓古城夜市边Chang Khlan road,Apartment,清迈,Thailand,June,33.00,4.68,158.0,610,108,
"Bungalow in Ko Samui, Thailand",B4: Sea Breeze Bungalow with Ensuite and AC,Bungalow,Ko Samui,Thailand,June,33.00,4.82,191.0,478,108,
"Guesthouse in Kecamatan Kuta Utara, Indonesia",Tropical Private Room Canggu 3 by Rios Guest House,Guesthouse,Kecamatan Kuta Utara,Indonesia,August,33.00,4.86,7.0,399,108,
"Barn in Nes På Hedmark, Norway","Sommerfjøset on Hovelsrud, Helgøya",Barn,Nes På Hedmark,Norway,July,328.00,4.96,136.0,140,109,
"Villa in Kecamatan Kuta Utara, Indonesia",Gorgeous luxury 1 bedroom villa in heart of Canggu,Villa,Kecamatan Kuta Utara,Indonesia,September,325.00,4.87,47.0,374,110,
"Villa in Kecamatan Ubud, Indonesia",Elegant & luxurious 3 BR villa rice-fields pano,Villa,Kecamatan Ubud,Indonesia,June,322.00,4.65,94.0,626,111,
"Dome in Lac-Supérieur, Canada",Dome L'Albatros | Private Spa | BBQ Zone,Dome,Lac-Supérieur,Canada,July,322.00,4.86,196.0,384,111,
"Loft in Cholula, Mexico",Architect's Loft in Cholula,Loft,Cholula,Mexico,June,32.00,4.81,202.0,499,112,
"Place to stay in Nusa Penida, Indonesia",Tide 2 in Penida Tides Cottage,Place to stay,Nusa Penida,Indonesia,July,32.00,4.85,68.0,420,112,
"Apartment in Tambon Hua Hin, Thailand",La Casita Hua Hin 2,Apartment,Tambon Hua Hin,Thailand,June,32.00,4.75,170.0,570,112,
"Place to stay in Nusa Penida, Indonesia",Tide 2 in Penida Tides Cottage,Place to stay,Nusa Penida,Indonesia,July,32.00,4.85,68.0,421,112,
"Dome in Wapnica, Poland",Delightfull Dome with Hot tub & sauna on the beach,Dome,Wapnica,Poland,June,319.00,4.98,52.0,91,113,
"Dome in Wapnica, Poland",Delightfull Dome with Hot tub & sauna on the beach,Dome,Wapnica,Poland,June,319.00,4.98,52.0,92,113,
"Chalet in Saint-Damien, Canada",The Majesta ! Incredible Sunset !,Chalet,Saint-Damien,Canada,June,315.00,5.0,11.0,40,114,
"Condo in Saint-Lary-Soulan, France",Studio lookout,Condo,Saint-Lary-Soulan,France,June,31.00,4.45,240.0,663,115,
"Apartment in phường 6, Vietnam",CITY APART ★ CENTRAL City-FREE Pool & Gym,Apartment,phường 6,Vietnam,June,31.00,4.64,96.0,628,115,
"Room in Chom Phon, Thailand",15min walk to MRT Private room for 3 Free Brekkie.,Room,Chom Phon,Thailand,June,31.00,4.9,255.0,290,115,
"Room in Mexico City, Mexico",5 min to Airport with Terrace in a Safe area !,Room,Mexico City,Mexico,June,31.00,4.85,227.0,406,115,
"Chalet in Skykomish, Washington, US",Sky Haus - A-Frame Cabin,Chalet,Skykomish,United States,June,306.00,4.85,531.0,401,116,Washington
"Home in Kecamatan Ubud, Indonesia",PROMO! Luxury Villa Escape in Ubud 2 BR,Home,Kecamatan Ubud,Indonesia,September,306.00,5.0,4.0,60,116,
"Home in Kecamatan Ubud, Indonesia",PROMO! Luxury Villa Escape in Ubud 2 BR,Home,Kecamatan Ubud,Indonesia,September,306.00,5.0,4.0,61,116,
"Home in Kecamatan Selat, Indonesia",The Nude House,Home,Kecamatan Selat,Indonesia,July,305.00,4.68,19.0,612,117,
"Guest suite in North Vancouver, Canada",The Brite House - Oceanfront Sojourn,Guest suite,North Vancouver,Canada,June,305.00,4.87,319.0,358,117,
"Home in Kecamatan Selat, Indonesia",The Nude House,Home,Kecamatan Selat,Indonesia,July,305.00,4.68,19.0,613,117,
"Condo in Lahaina, Hawaii, US",Noelani-My Perfect Stays Special: Jun 9-16 $189,Condo,Lahaina,United States,June,302.00,4.82,71.0,486,118,Hawaii
"Condo in Miami Beach, Florida, US",Oceanfront 14th Floor Brand New Beachfront Flat,Condo,Miami Beach,United States,June,302.00,4.85,646.0,400,118,Florida
"Condo in Miami Beach, Florida, US",New 16th Floor Beachfront 180º Oceanview Apartment,Condo,Miami Beach,United States,June,302.00,4.87,659.0,352,118,Florida
"Condo in Miami Beach, Florida, US",Oceanfront 16th Floor Brand New Beachfront Flat,Condo,Miami Beach,United States,June,302.00,4.83,683.0,454,118,Florida
"Cabin in Mineral Bluff, Georgia, US",Scenic Solitude-Amazing Mountain views on 5 acres,Cabin,Mineral Bluff,United States,June,302.00,5.0,44.0,17,118,Georgia
"Dome in Sandgate, Vermont, US",“Whimsical Stone Abode” - Boston Magazine,Dome,Sandgate,United States,June,301.00,5.0,244.0,2,119,Vermont
"Apartment in Shah Alam, Malaysia",*SETIA ALAM* Big Luxury Comfort Homestay #Trefoil,Apartment,Shah Alam,Malaysia,June,30.00,4.87,171.0,366,120,
"Room in Khet Din Daeng, Thailand",Comfy Room with Bathroom near MRT Phra Ram 9,Room,Khet Din Daeng,Thailand,August,30.00,4.99,72.0,74,120,
"Condo in Pasay, Philippines","One Bedroom Condo in Roxas Boulevard, Pasay City",Condo,Pasay,Philippines,June,30.00,4.77,332.0,554,120,
"Condo in Melaka, Malaysia",B2733/Seaview/5mins to Jonker/Imperio/Studio/4pax,Condo,Melaka,Malaysia,June,30.00,4.71,230.0,594,120,
"Hotel room in Thành phố Hội An, Vietnam",FIG TREE BOUTIQUE VILLA,Hotel room,Thành phố Hội An,Vietnam,June,30.00,4.83,92.0,467,120,
"Condo in Tagaytay, Philippines",Serenity Tagaytay Home w/ WIFI & NETFLIX,Condo,Tagaytay,Philippines,June,30.00,4.79,447.0,525,120,
"Condo in East End, U.S. Virgin Islands",Beautiful corner unit condo right on the beach!,Condo,East End,U.S. Virgin Islands,June,298.00,4.97,73.0,117,121,
"Treehouse in Penzance, UK",Peaceful Country Treehouse Nr Penzance & St Ives,Treehouse,Penzance,United Kingdom,July,294.00,4.95,292.0,162,122,
"Dome in Whittier, North Carolina, US",Luxury Dome w/ Hot Tub & Mountain View,Dome,Whittier,United States,August,291.00,5.0,11.0,41,123,North Carolina
"Condo in Ocean City, Maryland, US",OceanfrontStudio-Slps4-Pool-Pickleball-HBOMax-Dis+,Condo,Ocean City,United States,June,291.00,4.94,80.0,204,123,Maryland
"Room in Kecamatan Ubud, Indonesia",Odesa Villa1 Ubud close to center,Room,Kecamatan Ubud,Indonesia,June,29.00,5.0,9.0,51,124,
"Condo in Melaka, Malaysia",B1706/5 mins drive to Jonker/Imperio/Studio/4pax,Condo,Melaka,Malaysia,June,29.00,4.79,195.0,530,124,
"Room in La Habana, Cuba",Fauria Colonial House (Room 3),Room,La Habana,Cuba,June,29.00,4.92,75.0,250,124,
"Apartment in Kecamatan Senen, Indonesia",5* Studio Resort like: Mason Place Capitol Park,Apartment,Kecamatan Senen,Indonesia,June,29.00,4.95,112.0,170,124,
"Room in Mexico City, Mexico","Room in apartment, traditional neighborhood",Room,Mexico City,Mexico,July,29.00,4.84,58.0,451,124,
"Hotel room in Laguna Beach, California, US",Beachfront Laguna Beach Magnificent Oceanviews 26,Hotel room,Laguna Beach,United States,June,287.00,4.38,396.0,673,125,California
"Cabin in Center Conway, New Hampshire, US",Warm Pine A-frame Nestled In The Trees!,Cabin,Center Conway,United States,July,287.00,4.79,536.0,524,125,New Hampshire
"Treehouse in Marion, North Carolina, US",Treehouse w/Breathtaking Views+HotTub+Hiking+Falls,Treehouse,Marion,United States,August,286.00,5.0,21.0,25,126,North Carolina
"Nature lodge in Las Galeras, Dominican Republic","Casa El Paraiso, Las Galeras (room #5)",Nature lodge,Las Galeras,Dominican Republic,June,286.00,4.94,270.0,190,126,
"Apartment in Thalang, Thailand",Luxurious private 2bedrm seafront Phuket penthouse,Apartment,Thalang,Thailand,September,286.00,4.92,185.0,241,126,
"Camper/RV in Ashford, Washington, US",The Alpine Airstream at Mt. Rainier with Hot Tub,Camper/RV,Ashford,United States,June,286.00,5.0,11.0,42,126,Washington
"Treehouse in Sandane , Norway",Amazing panoramic tree house Norway,Treehouse,Sandane,Norway,June,285.00,4.86,410.0,381,127,
"Apartment in Tulum, Mexico",Design Casa Patchouli with private pool and lounge,Apartment,Tulum,Mexico,June,283.00,4.98,80.0,89,128,
"Villa in Morongo Valley, California, US",Pink Galaxy | Private Observatory · Hot Tub · Pool,Villa,Morongo Valley,United States,June,283.00,5.0,9.0,47,128,California
"Treehouse in Ubud, Indonesia","Promo Price! Magical Treehouse, Stunning Views.",Treehouse,Ubud,Indonesia,August,280.00,4.78,528.0,537,129,
"Room in Khlong Ton Sai, Khlong San, Thailand",*Hidden Oasis Bangkok 1 | Near ICONSIAM,Room,Khlong Ton Sai,Thailand,July,28.00,4.86,166.0,389,130,Khlong San
"Condo in Manila, Philippines",[50mbps+NETFLIX] Your home in the heart of Manila,Condo,Manila,Philippines,June,28.00,4.73,159.0,581,130,
"Hotel room in Laguna Beach, California, US",Oceanfront Laguna Beach Amazing Views 28,Hotel room,Laguna Beach,United States,June,276.00,4.63,390.0,630,131,California
"Boat in Marathon, Florida, US",Paradise awaits on this cozy houseboat!,Boat,Marathon,United States,July,276.00,4.77,98.0,561,131,Florida
"Guesthouse in Peachland, Canada",Romantic lakefront estate with lake view & deck,Guesthouse,Peachland,Canada,June,271.00,5.0,311.0,1,132,
"Dome in Joshua Tree, California, US",Dome in the Desert in Joshua Tree,Dome,Joshua Tree,United States,June,268.00,4.94,944.0,182,133,California
"Guest suite in Bingin Beach, Indonesia",Suite 2 - Beachfront Luxury Suite on Bingin Beach,Guest suite,Bingin Beach,Indonesia,October,267.00,4.93,96.0,221,134,
"Guest suite in Bingin Beach, Indonesia",Suite 2 - Beachfront Luxury Suite on Bingin Beach,Guest suite,Bingin Beach,Indonesia,October,267.00,4.93,96.0,220,134,
"Villa in Nusa Ceningan, Indonesia",Beautiful villa on the edge of BLUE LAGOON,Villa,Nusa Ceningan,Indonesia,June,264.00,4.83,1239.0,453,135,
"Villa in Pemuteran, Indonesia","Villa Arun, Sumberkima Hill",Villa,Pemuteran,Indonesia,August,262.00,4.88,57.0,345,136,
"Villa in Pemuteran, Indonesia","Villa Arun, Sumberkima Hill",Villa,Pemuteran,Indonesia,August,262.00,4.88,57.0,346,136,
"Condo in Myrtle Beach, South Carolina, US",Cool Clean Condo with Brilliant Oceanfront View,Condo,Myrtle Beach,United States,June,261.00,4.58,108.0,643,137,South Carolina
"Tiny home in Puerto Escondido, Mexico",Casa Tiny near Casa Wabi,Tiny home,Puerto Escondido,Mexico,June,261.00,4.84,555.0,436,137,
"Bungalow in Naiyang Beach, Thailand","Baan Rom Pruk private house, near Naiyang beach",Bungalow,Naiyang Beach,Thailand,June,26.00,4.96,172.0,138,138,
"Condo in Cebu City, Philippines",Cozy City Condo at Horizons 101 [ W/ WIFI ].,Condo,Cebu City,Philippines,June,26.00,4.44,220.0,666,138,
"Condo in Cebu City, Philippines",Cozy City Condo at Horizons 101 [ W/ WIFI ].,Condo,Cebu City,Philippines,June,26.00,4.44,220.0,667,138,
"Condo in Cebu City, Philippines",Cozy Studio across Ayala Mall iT Park 1min walk,Condo,Cebu City,Philippines,July,26.00,4.78,235.0,542,138,
"Condo in George Town, Malaysia",Lovely 1 Bedroom Suite with Pool View,Condo,George Town,Malaysia,June,26.00,4.27,56.0,680,138,
"Condo in Cebu City, Philippines",Cozy City Condo at Horizons 101 [ W/ WIFI ].,Condo,Cebu City,Philippines,June,26.00,4.44,220.0,665,138,
"Room in Key West, Florida, US",1-Private room/bbq/patio. 2 full bed 1 couch bed.,Room,Key West,United States,July,258.00,4.83,40.0,470,139,Florida
"Treehouse in Balamban, Philippines",Treehouse De Valentine,Treehouse,Balamban,Philippines,June,255.00,4.91,147.0,268,140,
"Tiny home in Key Largo, Florida, US","Oceanfront Lookout Point w/two Kayaks,Beach & Dock",Tiny home,Key Largo,United States,August,254.00,4.86,90.0,391,141,Florida
"Cabin in Gold Bar, Washington, US",New lux cabin w/mount index view,Cabin,Gold Bar,United States,June,253.00,4.86,7.0,397,142,Washington
"Place to stay in Penebel, Indonesia",Le Aiken Xperience - Unique Bamboo House,Place to stay,Penebel,Indonesia,August,252.00,4.69,94.0,606,143,
"Villa in Phu Quoc, Vietnam",H&B Villas Phu Quoc - 3 Bedrooms,Villa,Phu Quoc,Vietnam,June,252.00,5.0,20.0,26,143,
"Place to stay in Scottish Borders, UK","16th Century Scottish Borders Tower, by Earlston",Place to stay,Scottish Borders,United Kingdom,July,252.00,4.96,464.0,129,143,
"Place to stay in Scottish Borders, UK","16th Century Scottish Borders Tower, by Earlston",Place to stay,Scottish Borders,United Kingdom,July,252.00,4.96,464.0,128,143,
"Tiny home in Malibu, California, US","Malibu Serene Guest House, Mins to Beach & Hike",Tiny home,Malibu,United States,June,252.00,4.77,298.0,555,143,California
"Cabin in Amadeo, Philippines",Cozy Loft Cabins Near Tagaytay,Cabin,Amadeo,Philippines,August,252.00,4.88,43.0,348,143,
"Villa in Kecamatan Kuta Utara, Indonesia",Love Nest for honeymooner at best location,Villa,Kecamatan Kuta Utara,Indonesia,September,251.00,4.98,87.0,86,144,
"Villa in Kecamatan Kuta Utara, Indonesia",Love Nest for honeymooner at best location,Villa,Kecamatan Kuta Utara,Indonesia,September,251.00,4.98,87.0,87,144,
"Home in Dinami, Italy",Panucci's house- halfway between the sea and mountain,Home,Dinami,Italy,June,25.00,4.98,245.0,79,145,
"Condo in Hollywood, Florida, US",Amazing Hyde One-bedroom apartment on the Beach,Condo,Hollywood,United States,June,248.00,4.56,62.0,650,146,Florida
"Apartment in Marina del Rey, California, US",Romantic Ocean Penthouse w/ panoramic marina views,Apartment,Marina del Rey,United States,June,247.00,4.77,111.0,559,147,California
"Apartment in Marina del Rey, California, US",Romantic Ocean Penthouse w/ panoramic marina views,Apartment,Marina del Rey,United States,June,247.00,4.77,111.0,560,147,California
"Home in Kenilworth, UK",The Water Tower at Long Meadow Farm,Home,Kenilworth,United Kingdom,June,246.00,4.85,181.0,409,148,
"Home in Tamanique, El Salvador",Black rose -Right house-,Home,Tamanique,El Salvador,June,243.00,4.63,275.0,631,149,
"Cabin in Monmouth, UK",Stargazer Cabin - Monmouth Walking Distance Town,Cabin,Monmouth,United Kingdom,July,240.00,4.9,287.0,289,150,
"Villa in Tabanan, Indonesia",Exclusive Beach Villa - Balian Beach,Villa,Tabanan,Indonesia,June,240.00,4.8,105.0,516,150,
"Apartment in Melaka, Malaysia",B1933B/5 min drive to Jonker/Seaview/Imperio/4 pax,Apartment,Melaka,Malaysia,June,24.00,4.69,196.0,604,151,
"Room in Tebet, Indonesia",The LOJI @ Patra Kuningan # 3,Room,Tebet,Indonesia,June,24.00,4.83,69.0,469,151,
"Room in Tebet, Indonesia",The LOJI @ Patra Kuningan # 3,Room,Tebet,Indonesia,June,24.00,4.83,69.0,468,151,
"Condo in Cyberjaya, Malaysia",Kanvas Soho / KLIA / FREE WIFI 500mbps,Condo,Cyberjaya,Malaysia,June,24.00,4.8,410.0,505,151,
"Place to stay in Thành phố Hội An, Vietnam",Garden view twin room with breakfast-Ngan Phu,Place to stay,Thành phố Hội An,Vietnam,June,24.00,4.85,255.0,405,151,
"Home in Hilbert, Wisconsin, US",State Park A-Frame with Hiking Trails & Arcade,Home,Hilbert,United States,June,239.00,4.97,29.0,123,152,Wisconsin
"Home in Hilbert, Wisconsin, US",State Park A-Frame with Hiking Trails & Arcade,Home,Hilbert,United States,June,239.00,4.97,29.0,124,152,Wisconsin
"Villa in เกาะพงัน, Thailand","Palma Villa, Spectacular Sea View Villa with Pool",Villa,เกาะพงัน,Thailand,July,238.00,5.0,13.0,36,153,
"Cabin in Selat, Indonesia",Nyan Bali -A Bamboo House Escape with Private Chef,Cabin,Selat,Indonesia,December,237.00,4.95,104.0,172,154,
"Hut in Abiansemal, Indonesia",Zen Hideaway #3 - ultimate Wabi-sabi experiences,Hut,Abiansemal,Indonesia,July,235.00,4.8,372.0,506,155,
"Boat in Key West, Florida, US",Cozy Houseboat “Wild One”,Boat,Key West,United States,June,233.00,5.0,4.0,58,156,Florida
"Cottage in Wasaga Beach, Canada",Cozy Riverfront Cottage Retreat with Dock,Cottage,Wasaga Beach,Canada,June,232.00,4.84,55.0,452,157,
"Treehouse in Grandview, Texas, US",Luxury Treehouse Couples Getaway w/ Peaceful Views,Treehouse,Grandview,United States,June,232.00,4.99,222.0,69,157,Texas
"Vacation home in Punta Prima, Spain",Beachfront apartment with perfect seaview,Vacation home,Punta Prima,Spain,June,231.00,4.85,204.0,407,158,
"Vacation home in Punta Prima, Spain",Beachfront apartment with perfect seaview,Vacation home,Punta Prima,Spain,June,231.00,4.85,204.0,408,158,
"Home in Puntarenas Province, Costa Rica",House with pool in the heights of Santa Teresa,Home,Puntarenas Province,Costa Rica,June,230.00,5.0,6.0,53,159,
"Condo in Melaka, Malaysia",B1731/Seaview/5 mine drive to Jonker/Imperio/4 pax,Condo,Melaka,Malaysia,June,23.00,4.54,209.0,651,160,
"Home in Kecamatan Kuta Selatan, Indonesia",One-Bedroom Villa Suite Deluxe,Home,Kecamatan Kuta Selatan,Indonesia,September,229.00,4.95,20.0,180,161,
"Cottage in Islamorada, Florida, US",1 BD PRIVATE HOUSEBOAT/ COTTAGE TARPON,Cottage,Islamorada,United States,August,229.00,4.85,74.0,419,161,Florida
"Villa in Kecamatan Ubud, Indonesia",Pelangi Treehouse (formerly Skai Joglo),Villa,Kecamatan Ubud,Indonesia,September,229.00,4.92,112.0,248,161,
"Cottage in Islamorada, Florida, US",1 BD PRIVATE HOUSEBOAT/ COTTAGE TARPON,Cottage,Islamorada,United States,August,229.00,4.85,74.0,418,161,Florida
"Bungalow in Newport Beach, California, US","Surf, Sand & Sunsets - Goldenrod CdM BEACH STUDIO",Bungalow,Newport Beach,United States,July,229.00,4.8,289.0,507,161,California
"Cabin in Marion, North Carolina, US","Luxury Treehouse, Romantic, Views, Hike-Waterfall",Cabin,Marion,United States,July,228.00,5.0,18.0,28,162,North Carolina
"Cabin in Arrowbear Lake, California, US",A-Frame Apogee | Hot Tub · Epic Views · Swing Set,Cabin,Arrowbear Lake,United States,June,227.00,4.96,166.0,139,163,California
"Cabin in Topanga, California, US","Crystal Cabin, Restored Vintage Lodge in Topanga State Park",Cabin,Topanga,United States,June,225.00,4.94,209.0,194,164,California
"Farm stay in Catsfield, UK",CABIN X GPF,Farm stay,Catsfield,United Kingdom,June,225.00,4.99,239.0,67,164,
"Tent in Island Park, Idaho, US","Yellowstone Luxury Tent; sleeps 3, 1 king +1 futon",Tent,Island Park,United States,June,224.00,5.0,31.0,20,165,Idaho
"Cabin in Trasquera, Italy",La Barona Chalet,Cabin,Trasquera,Italy,June,223.00,4.99,240.0,66,166,
"Cabin in County Wicklow, Ireland",House with breathtaking views!,Cabin,County Wicklow,Ireland,July,222.00,4.97,104.0,114,167,
"Cabin in County Wicklow, Ireland",House with breathtaking views!,Cabin,County Wicklow,Ireland,July,222.00,4.85,26.0,430,167,
"Condo in Honolulu, Hawaii, US",23FL Skyline King Studio w/Ocean & City Views.,Condo,Honolulu,United States,June,221.00,4.95,41.0,176,168,Hawaii
"Cottage in Quintana Roo, Mexico",Glass Roof House #2 at Glass 20.87,Cottage,Quintana Roo,Mexico,June,221.00,4.93,68.0,222,168,
"Cottage in Quintana Roo, Mexico",Glass Roof House #2 at Glass 20.87,Cottage,Quintana Roo,Mexico,June,221.00,4.93,68.0,223,168,
"Place to stay in Hol, Norway",Unik Hobbit Cabin,Place to stay,Hol,Norway,June,221.00,4.84,239.0,440,168,
"Loft in Seminyak, Indonesia",TROPICAL - DESIGNER LOFT - Seminyak,Loft,Seminyak,Indonesia,September,220.00,4.98,113.0,82,169,
"Camper/RV in Half Moon Bay, California, US",Quiet and Private Retreat in a 1967 Airstream on the Coast.,Camper/RV,Half Moon Bay,United States,June,220.00,4.93,347.0,213,169,California
"Cabin in El Peñol, Colombia",6 Ibuku Big Cabin by Lake Jacuzzi Kayak,Cabin,El Peñol,Colombia,June,220.00,4.93,46.0,224,169,
"Shipping container in Jauca, Puerto Rico",Pequeño espacio Romántico piscina y muelle privado,Shipping container,Jauca,Puerto Rico,July,220.00,4.95,139.0,169,169,
"Earthen home in Mueang Chiang Mai District, Thailand",Leafy Greens Chiangmai : Mushroom M2,Earthen home,Mueang Chiang Mai District,Thailand,June,22.00,4.87,210.0,361,170,
"Earthen home in Mueang Chiang Mai District, Thailand",Leafy Greens Chiangmai : Mushroom M2,Earthen home,Mueang Chiang Mai District,Thailand,June,22.00,4.87,210.0,362,170,
"Cabin in Shaftsbury, Vermont, US",The Vermont Dream Cabin on 70 Acres,Cabin,Shaftsbury,United States,June,219.00,4.89,136.0,319,171,Vermont
"Condo in Miami, Florida, US","Luxury Condo in Hotel, amenities Downtown/Brickell",Condo,Miami,United States,June,219.00,4.94,72.0,205,171,Florida
"Guesthouse in Key Largo, Florida, US","Private Cottage, enjoy beach, sunsets & fishing.",Guesthouse,Key Largo,United States,July,218.00,4.89,314.0,308,172,Florida
"Treehouse in Río Grande, Puerto Rico",Charming Treehouse with Pool,Treehouse,Río Grande,Puerto Rico,September,217.00,5.0,172.0,3,173,
"Bungalow in Ubud, Indonesia",Pondok Prapen -Ubud Center Private Pool Villa,Bungalow,Ubud,Indonesia,June,217.00,4.89,333.0,307,173,
"Apartment in Ericeira, Portugal",FLH Ericeira Ocean Flat,Apartment,Ericeira,Portugal,July,216.00,4.45,187.0,664,174,
"Apartment in Yachats, Oregon, US",Beachfront Escape Unit #1 at Beachcomber Cottages,Apartment,Yachats,United States,June,212.00,4.54,151.0,655,175,Oregon
"Home in Hamilton, Canada",Stunning house on lake Ontario,Home,Hamilton,Canada,June,210.00,4.9,192.0,291,176,
"Condo in Fiumicino, Italy",LOVE Attic,Condo,Fiumicino,Italy,June,209.00,4.85,178.0,410,177,
"Villa in Kecamatan Ubud, Indonesia",Intimate Private Pool Villas in Ubud center,Villa,Kecamatan Ubud,Indonesia,June,209.00,4.89,223.0,310,177,
"Treehouse in Tegallalang, Indonesia",Enchanted Hobbit Treehouse Nestled in the Jungle,Treehouse,Tegallalang,Indonesia,October,207.00,4.92,117.0,246,178,
"Guest suite in Huntsville, Canada",Hidden Valley’s Guest Suite - explore nature,Guest suite,Huntsville,Canada,September,207.00,4.97,265.0,106,178,
"Villa in Singaraja, Indonesia","180° VIEW, PRIVATE POOL VILLA..",Villa,Singaraja,Indonesia,June,206.00,4.93,355.0,212,179,
"Home in Ko Samui, Thailand",the naked house,Home,Ko Samui,Thailand,June,205.00,4.88,183.0,334,180,
"Cabin in Llandissilio, UK",The Llama Lodge - a Log Cabin on a Llama Farm,Cabin,Llandissilio,United Kingdom,June,205.00,4.95,111.0,171,180,
"Cabin in Llandissilio, UK",The Llama Lodge - a Log Cabin on a Llama Farm,Cabin,Llandissilio,United Kingdom,June,205.00,4.92,60.0,251,180,
"Apartment in Galveston, Texas, US",Beach Front Condo In Casa Del Mar,Apartment,Galveston,United States,June,205.00,4.72,389.0,587,180,Texas
"Villa in South Kuta, Indonesia",Nalu Bingin - 1 Bedroom Villa,Villa,South Kuta,Indonesia,September,202.00,5.0,5.0,57,181,
"Villa in Kecamatan Seririt, Indonesia",Boho-Chic villa with ocean&rice field view,Villa,Kecamatan Seririt,Indonesia,September,201.00,4.97,67.0,119,182,
"Hut in Selat, Indonesia","Vaikuntha#3, The Pursuit of Perfect Rustic Beauty",Hut,Selat,Indonesia,October,201.00,4.82,146.0,480,182,
"Home in Oceanside, Oregon, US",Movie Theater + Kid Friendly | Book the Dome!,Home,Oceanside,United States,June,200.00,4.97,64.0,120,183,Oregon
"Room in Kailua-Kona, Hawaii, US",Satori Suite (The Bamboo House),Room,Kailua-Kona,United States,June,199.00,4.91,292.0,259,184,Hawaii
"Home in ตำบล บ้านใต้, Thailand","❤️THE LOFT, Romantic Beachfront Home, HIN KONG.",Home,ตำบล บ้านใต้,Thailand,August,198.00,4.96,56.0,148,185,
"Home in ตำบล บ้านใต้, Thailand","❤️THE LOFT, Romantic Beachfront Home, HIN KONG.",Home,ตำบล บ้านใต้,Thailand,August,198.00,4.96,56.0,147,185,
"Windmill in Atouguia da Baleia, Portugal",Moinho do Sr. Arnaldo - Big Windmill at Peniche,Windmill,Atouguia da Baleia,Portugal,June,196.00,4.85,13.0,434,186,
"Villa in Seririt, Indonesia",Wake up to the Sea of Bali: Beachfront luxury plus,Villa,Seririt,Indonesia,October,194.00,5.0,139.0,4,187,
"Villa in Seririt, Indonesia",Wake up to the Sea of Bali: Beachfront luxury plus,Villa,Seririt,Indonesia,October,194.00,5.0,139.0,5,187,
"Villa in Seririt, Indonesia",Wake up to the Sea of Bali: Beachfront luxury plus,Villa,Seririt,Indonesia,October,194.00,5.0,139.0,6,187,
"Villa in Kecamatan Ubud, Indonesia",Madara Ubud Villas,Villa,Kecamatan Ubud,Indonesia,August,194.00,4.83,129.0,463,187,
"Home in Blue Ridge, Georgia, US",*Summer Sizzle* 5 Min to Blue Ridge* Pets* Hot tub,Home,Blue Ridge,United States,June,192.00,4.94,88.0,200,188,Georgia
"Apartment in Bangkok, Thailand",Spacious Apt in City of Angels,Apartment,Bangkok,Thailand,June,19.00,4.95,438.0,159,189,
"Villa in Kecamatan Banjar, Indonesia",❤PROMO Beachfront oasis. Private pool and firepit,Villa,Kecamatan Banjar,Indonesia,June,189.00,4.74,46.0,578,190,
"Room in Malibu, California, US","Peace, Beauty & Ocean View, Malibu",Room,Malibu,United States,September,189.00,4.95,1014.0,157,190,California
"Tiny home in Kabupaten Tabanan, Indonesia",Balian Beachfront Luxury Tiny House,Tiny home,Kabupaten Tabanan,Indonesia,June,186.00,5.0,19.0,27,191,
"Hut in Uvero Alto - Bavaro - Punta Cana, Dominican Republic",Hut #2 Romantic Luxury on the sand,Hut,Uvero Alto - Bavaro - Punta Cana,Dominican Republic,August,186.00,4.94,226.0,192,191,
"Hut in Uvero Alto - Bavaro - Punta Cana, Dominican Republic",Hut #2 Romantic Luxury on the sand,Hut,Uvero Alto - Bavaro - Punta Cana,Dominican Republic,August,186.00,4.94,226.0,193,191,
"Apartment in Los Angeles, California, US",Historic Venice Apt 1/2 blocks to beach+parking,Apartment,Los Angeles,United States,November,185.00,4.94,431.0,186,192,California
"Home in Positano, Italy",Villa Laurito,Home,Positano,Italy,October,185.00,4.88,66.0,342,192,
"Home in Positano, Italy",Villa Laurito,Home,Positano,Italy,October,185.00,4.88,66.0,343,192,
"Vacation home in Akrotiri, Greece",The North Windmill ⚓ Unique House with View,Vacation home,Akrotiri,Greece,June,184.00,4.98,46.0,96,193,
"Room in Kihei, Hawaii, US","GARDEN ROOM, private bathroom, separate entrance",Room,Kihei,United States,June,184.00,4.96,284.0,132,193,Hawaii
"Barn in Nutley, UK",Rural Retreat on the Ashdown Forest,Barn,Nutley,United Kingdom,June,184.00,4.96,114.0,141,193,
"Home in Mabini, Philippines",Bathing Private Exclusive Cottage,Home,Mabini,Philippines,June,183.00,4.91,181.0,264,194,
"Villa in Pollina, Italy",Romantic and one-of-a-kind Beachouse,Villa,Pollina,Italy,October,183.00,4.88,48.0,347,194,
"Cabin in Darżkowo, Poland",hut in the mid. of nowhere + priv pond+3 ha,Cabin,Darżkowo,Poland,June,181.00,4.79,396.0,526,195,
"Hut in Guarne, Colombia",Refugio LOS PAPIROS,Hut,Guarne,Colombia,June,18.00,4.89,66.0,326,196,
"Houseboat in Low, Canada",The Dragon + Private Island,Houseboat,Low,Canada,June,178.00,4.87,61.0,372,197,
"Hut in Oxfordshire, UK",Rectory Farm Hideaway,Hut,Oxfordshire,United Kingdom,August,178.00,4.93,535.0,209,197,
"Apartment in Biarritz, France",Biarritz Grande Plage 25m2 with Balcony,Apartment,Biarritz,France,June,176.00,4.91,316.0,258,198,
"Villa in Ubud, Indonesia","Luxe Villa in Tropical Oasis, Ubud. Walk to town.",Villa,Ubud,Indonesia,October,176.00,4.93,287.0,214,198,
"Tiny home in Bolton, Vermont, US",Cozy Tiny House Cabin between Burlington and Stowe,Tiny home,Bolton,United States,June,174.00,4.97,372.0,104,199,Vermont
"Condo in Rosarito, Mexico",LUXE & STYLISH/3BR/LAS OLAS CONDO/12TH FLR/ROSARITO,Condo,Rosarito,Mexico,June,173.00,4.8,207.0,509,200,
"Boat in Stuart, Florida, US",Modern Houseboat On the water,Boat,Stuart,United States,August,173.00,4.97,264.0,107,200,Florida
"Cabin in Bowen Island, Canada",the legendary wildwood cabins ~ CABIN 4,Cabin,Bowen Island,Canada,July,173.00,4.98,678.0,76,200,
"Hut in Ubud, Indonesia",Bali Bamboo House | Rescape Ubud - Relief Villa,Hut,Ubud,Indonesia,October,171.00,4.79,164.0,531,201,
"Condo in Rosarito, Mexico",Elegant Ocean Front Condo! Rosarito Beach !WOW!!,Condo,Rosarito,Mexico,June,171.00,4.81,245.0,494,201,
"Hut in Bavaro, Dominican Republic",Hut #1 Romantic Luxury Beachfront,Hut,Bavaro,Dominican Republic,July,171.00,4.89,377.0,305,201,
"Home in Tabanan, Indonesia",Ocean View Pool Villa @ Balian Beach,Home,Tabanan,Indonesia,June,170.00,4.76,282.0,564,202,
"Home in Tabanan, Indonesia",Ocean View Pool Villa @ Balian Beach,Home,Tabanan,Indonesia,June,170.00,4.76,282.0,565,202,
"Condo in Atlantic City, New Jersey, US",Highest Reviewed - Ocean Front + Free Parking!,Condo,Atlantic City,United States,June,170.00,4.85,278.0,404,202,New Jersey
"Hotel in Nha Trang, Vietnam",VENUE HOTEL-20% Superior City NiceWindow#Good Rate,Hotel,Nha Trang,Vietnam,June,17.00,4.35,17.0,676,203,
"Tiny home in Draperstown, UK",The Black Shack @ Bancran School,Tiny home,Draperstown,United Kingdom,August,169.00,4.97,304.0,105,204,
"Vacation home in Rocchetta Nervina, Italy",The Loggia,Vacation home,Rocchetta Nervina,Italy,June,169.00,4.85,61.0,423,204,
"Cabin in Sanbornton, New Hampshire, US",The G Frame...an offGrid Cabin + woodstove sauna,Cabin,Sanbornton,United States,June,169.00,4.96,395.0,130,204,New Hampshire
"Home in Viana do Castelo, Portugal",Amonde Village - Casa P * Comfort & Quality,Home,Viana do Castelo,Portugal,June,168.00,4.98,51.0,93,205,
"Home in Cape Coral, Florida, US",Amazing Modern Home with Pool and Hot Tub!,Home,Cape Coral,United States,July,167.00,4.84,136.0,445,206,Florida
"Hotel room in Ubud, Indonesia","Malay villa, Best views in Ubud!",Hotel room,Ubud,Indonesia,June,167.00,4.77,119.0,558,206,
"Home in Cape Coral, Florida, US",Amazing Modern Home with Pool and Hot Tub!,Home,Cape Coral,United States,July,167.00,4.84,136.0,446,206,Florida
"Tower in Gombola, Italy",Tower house Gombola,Tower,Gombola,Italy,June,166.00,4.87,45.0,375,207,
"Villa in Tampaksiring, Indonesia",Ceylon Villas 1 - 2BR Villa! 5 mins to Ubud 🌴,Villa,Tampaksiring,Indonesia,September,166.00,4.89,176.0,317,207,
"Apartment in Gordonville, Pennsylvania, US",“What a wonderful world” - Modern Farmhouse,Apartment,Gordonville,United States,June,165.00,4.87,478.0,353,208,Pennsylvania
"Apartment in Gordonville, Pennsylvania, US",“What a wonderful world” - Modern Farmhouse,Apartment,Gordonville,United States,June,165.00,4.87,478.0,354,208,Pennsylvania
"Boutique hotel in San Juan, Puerto Rico",2 Pools on property | Walk to the beach | Rosalina Ocean Park | Luxury Suite 3,Boutique hotel,San Juan,Puerto Rico,July,164.00,4.81,212.0,495,209,
"Shipping container in Dirlaught, Ireland",Amazing shipping container house + sea views+ WIFI,Shipping container,Dirlaught,Ireland,August,164.00,4.91,43.0,275,209,
"Villa in Ko Lanta District, Thailand","DEEPSPACE villa X1 ,Secret Address on Quiet Beach",Villa,Ko Lanta District,Thailand,June,164.00,4.7,47.0,602,209,
"Villa in General Luna, Philippines",Oceanfront Pool Villa,Villa,General Luna,Philippines,July,163.00,4.96,23.0,155,210,
"Villa in General Luna, Philippines",Oceanfront Pool Villa,Villa,General Luna,Philippines,July,163.00,4.96,23.0,156,210,
"Barn in Essex, Canada",14th Homestead Barn Loft,Barn,Essex,Canada,June,163.00,4.9,289.0,288,210,
"Room in Kissimmee, Florida, US",Disney/Universal Home Away from Home!,Room,Kissimmee,United States,August,162.00,4.95,221.0,164,211,Florida
"Villa in Koh Lanta Island, Thailand",Perch Villa - Clifftop villa spectacular sea view,Villa,Koh Lanta Island,Thailand,June,162.00,4.94,71.0,206,211,
"Tiny home in Playa Hermosa, Costa Rica",Beachfront Bungalow with private hydromassage Pool,Tiny home,Playa Hermosa,Costa Rica,July,162.00,4.95,149.0,168,211,
"Cabin in Nelson, Canada",Downey Family Cabin. Barrel Sauna Included!,Cabin,Nelson,Canada,June,162.00,4.99,226.0,68,211,
"Room in Monteverde, Costa Rica",Holistic House Diamond,Room,Monteverde,Costa Rica,June,160.00,4.96,274.0,134,212,
"Campsite in Rif, Iceland",Washitsu.Casa camper Parking place w/house access,Campsite,Rif,Iceland,June,16.00,4.91,107.0,270,213,
"Nature lodge in Highland Council, UK",Elegant Little Wyvis Lodge - Sleeps 2,Nature lodge,Highland Council,United Kingdom,June,159.00,4.96,95.0,145,214,
"Loft in Monteverde, Costa Rica",Kapetsowa Container Loft near Monteverde Reserve,Loft,Monteverde,Costa Rica,September,159.00,4.87,396.0,356,214,
"Nature lodge in Highland Council, UK",Elegant Little Wyvis Lodge - Sleeps 2,Nature lodge,Highland Council,United Kingdom,June,159.00,4.96,95.0,144,214,
"Villa in Abiansemal, Indonesia",Ayung Panorama. Poetic house on Ayung River cliff,Villa,Abiansemal,Indonesia,August,159.00,4.91,227.0,263,214,
"Trullo in Ostuni, Italy",TRULLO ISABELLA,Trullo,Ostuni,Italy,June,158.00,4.98,95.0,84,215,
"Treehouse in Zona Hotelera, Mexico","Tree House - Beach Area, KS bed, 3 PPL",Treehouse,Zona Hotelera,Mexico,July,157.00,4.75,165.0,571,216,
"Villa in Ubud, Indonesia",Ceylon Villas 2 - 2BR Villa! 5 mins to Ubud 🌴,Villa,Ubud,Indonesia,October,157.00,4.88,112.0,338,216,
"Place to stay in Kecamatan Kuta Selatan, Indonesia",Gypsea Bali Bungalow with private bathroom and AC,Place to stay,Kecamatan Kuta Selatan,Indonesia,September,155.00,4.92,78.0,249,217,
"Place to stay in Pecatu, Indonesia",°3 Charming room in Bingin beach,Place to stay,Pecatu,Indonesia,September,155.00,4.52,523.0,656,217,
"Home in 頭城鎮, Taiwan","Newly furnished first row of seaview in Moon, sea view, perfect sunrise ~ long term rental welcome (also discounted)",Home,頭城鎮,Taiwan,July,155.00,4.92,216.0,238,217,
"Tiny home in Sandy Valley, Nevada, US",Peacock Tiny House near Las Vegas,Tiny home,Sandy Valley,United States,June,154.00,4.92,744.0,229,218,Nevada
"Room in Sidemen, Indonesia",Heritage of Art Villa Iseh in Sidemen East Bali,Room,Sidemen,Indonesia,June,154.00,4.89,111.0,321,218,
"Place to stay in Hopatcong, New Jersey, US",Lake Sports Home & Super water sports!,Place to stay,Hopatcong,United States,August,154.00,5.0,18.0,29,218,New Jersey
"Loft in The Blue Mountains, Canada",Chateau Ridge Chalet w/ Mountain View,Loft,The Blue Mountains,Canada,June,154.00,4.84,95.0,448,218,
"Loft in George Town, Malaysia",*6Maritime Seafront Scandinavian Home‖北欧风格日出无敌海景套房,Loft,George Town,Malaysia,June,153.00,4.39,380.0,672,219,
"Room in Kecamatan Ubud, Indonesia","Exclusive Villa, for Couples Looking To Relax",Room,Kecamatan Ubud,Indonesia,September,149.00,4.85,62.0,422,220,
"Farm stay in Montepulciano, Italy",Rural Tuscany | Wine farm with pool | Terrarossa,Farm stay,Montepulciano,Italy,June,148.00,4.33,6.0,678,221,
"Room in Kansas City, Missouri, US",Mansion in the Park - garden view queen en suite,Room,Kansas City,United States,June,148.00,4.99,93.0,73,221,Missouri
"Cabin in Kecamatan Sukasada, Indonesia",Wanagiri Cabin,Cabin,Kecamatan Sukasada,Indonesia,November,148.00,4.97,29.0,125,221,
"Apartment in Laguna Beach, California, US",Laguna Beach Studio Oceanviews 49,Apartment,Laguna Beach,United States,June,148.00,4.36,273.0,675,221,California
"Cabin in Adainville, France",Wonderful Old Cabin on Rare Natural Site,Cabin,Adainville,France,June,147.00,4.93,151.0,218,222,
"Lighthouse in Ploemeur, France",Q3 BNB Premium Residence - The Engineering Tower,Lighthouse,Ploemeur,France,June,147.00,4.8,10.0,522,222,
"Lighthouse in Ploemeur, France",Q3 BNB Premium Residence - The Engineering Tower,Lighthouse,Ploemeur,France,June,147.00,4.8,10.0,521,222,
"Shipping container in Playa Hermosa, Costa Rica",Beachfront Bungalow w/ private hydromassage pool 2,Shipping container,Playa Hermosa,Costa Rica,June,147.00,4.9,68.0,298,222,
"Room in Panama City Beach, Florida, US","LOVELY ROOM, WALK TO BEACH, GORGEOUS DECK",Room,Panama City Beach,United States,June,146.00,4.88,256.0,332,223,Florida
"Home in Pinilla, Costa Rica",Casa La Paz vistas al mar @ Pinilla Highlands,Home,Pinilla,Costa Rica,July,146.00,4.86,7.0,398,223,
"Home in Tambon Bo Put, Thailand",Directly on the beach-for animal lovers only,Home,Tambon Bo Put,Thailand,June,144.00,5.0,27.0,22,224,
"Cottage in Petit-Tracadie, Canada",Waterfront Cottage #1 /Waterfront cottage,Cottage,Petit-Tracadie,Canada,June,144.00,4.92,267.0,236,224,
"Farm stay in Şarköy, Turkey",Off-Grid vineyard and olive orchard home.,Farm stay,Şarköy,Turkey,June,144.00,5.0,9.0,48,224,
"Condo in San Juan, Puerto Rico",CDM-Beach living @ Condado with pool and parking!,Condo,San Juan,Puerto Rico,July,144.00,4.84,141.0,444,224,
"Bungalow in Antipolo, Philippines",Antipolo - Secluded and Romantic,Bungalow,Antipolo,Philippines,June,143.00,4.87,478.0,355,225,
"Dome in Hiawassee, Georgia, US",Tiny Dome River Glamping Experience,Dome,Hiawassee,United States,June,143.00,4.86,289.0,383,225,Georgia
"Treehouse in Frazeysburg, Ohio, US",Tullihas in the Trees Off-Grid Treehouse,Treehouse,Frazeysburg,United States,June,143.00,4.98,181.0,81,225,Ohio
"Earthen home in Weaverville, North Carolina, US",Hobbithenge,Earthen home,Weaverville,United States,June,142.00,4.83,304.0,456,226,North Carolina
"Apartment in Megalochori, Greece",Casa Tua,Apartment,Megalochori,Greece,June,142.00,4.66,68.0,624,226,
"Hut in Kecamatan Ubud, Indonesia",50% OFF | Ipian Cinta with Private Pool jacuzzi,Hut,Kecamatan Ubud,Indonesia,October,142.00,4.62,118.0,635,226,
"Cottage in Lamai Beach, Thailand",TROPICAL POOL BEACH VILLA III | Beach-Pool-Freedom,Cottage,Lamai Beach,Thailand,June,142.00,4.92,25.0,254,226,
"Cottage in Boscastle, UK","A Boscastle barn, rustic simplicity stunning views",Cottage,Boscastle,United Kingdom,June,141.00,5.0,9.0,49,227,
"Apartment in Bacalar, Mexico","Lagoon Front Hut: Daily Cleaning, Bikes & Kayaks!",Apartment,Bacalar,Mexico,June,141.00,4.89,633.0,302,227,
"Cottage in Boscastle, UK","A Boscastle barn, rustic simplicity stunning views",Cottage,Boscastle,United Kingdom,June,141.00,5.0,18.0,30,227,
"Cottage in Trefeinon, UK",Bumble Bee Cottage,Cottage,Trefeinon,United Kingdom,June,141.00,4.93,410.0,211,227,
"Apartment in Miami Beach, Florida, US","Modern 1/1, Half a Block from The Ocean",Apartment,Miami Beach,United States,June,140.00,4.75,308.0,568,228,Florida
"Home in Jurków, Poland",Beachfront Cottage on the Lake,Home,Jurków,Poland,June,140.00,4.72,25.0,593,228,
"Farm stay in Girvan, UK",Secluded Hand crafted log cabin,Farm stay,Girvan,United Kingdom,June,139.00,5.0,68.0,9,229,
"Condo in Luquillo, Puerto Rico",“Playa Luna”- Breathtaking Ocean and City Views,Condo,Luquillo,Puerto Rico,July,138.00,4.88,159.0,335,230,
"Apartment in Cancún, Mexico",Free Transportation / Premium Beach Loft 1711th,Apartment,Cancún,Mexico,June,138.00,5.0,15.0,32,230,
"Guesthouse in Cabo Rojo, Puerto Rico",Villa Vista Puerto,Guesthouse,Cabo Rojo,Puerto Rico,June,138.00,4.86,493.0,380,230,
"Tiny home in Castleton, Canada","Artsy ""Glamping"" experience",Tiny home,Castleton,Canada,July,138.00,4.91,278.0,260,230,
"Cabin in Woodford, Vermont, US",400+ Airbnb Visits: Incredible Mountain Cabin,Cabin,Woodford,United States,June,137.00,4.85,325.0,402,231,Vermont
"Villa in Ubud, Kabupaten Gianyar, Indonesia",#3# Beautiful Balinese Villa with Private Pool,Villa,Ubud,Indonesia,November,137.00,4.91,434.0,256,231,Kabupaten Gianyar
"Apartment in Muang Pattaya, Thailand",[VR] 2BR High Skyline Ocean View @ Pattaya,Apartment,Muang Pattaya,Thailand,June,136.00,4.69,85.0,607,232,
"Dome in Terlingua, Texas, US",Domeland: Off-grid Adobe Dome near Big Bend,Dome,Terlingua,United States,July,136.00,4.95,863.0,158,232,Texas
"Condo in Kremasti, Greece",L & C Deluxe Apartment - luxury and comfort,Condo,Kremasti,Greece,June,136.00,5.0,45.0,16,232,
"Hut in Tampaksiring, Indonesia",Hidden Bamboo Bali,Hut,Tampaksiring,Indonesia,November,136.00,4.91,161.0,265,232,
"Castle in Winningen, Germany",Magazine - Oskar Schwebel -,Castle,Winningen,Germany,June,136.00,4.66,277.0,623,232,
"Castle in Winningen, Germany",Magazine - Oskar Schwebel -,Castle,Winningen,Germany,June,136.00,4.66,277.0,622,232,
"Home in Audierne, France",Villa Trouz Ar Mor,Home,Audierne,France,July,135.00,4.85,13.0,432,233,
"Home in Audierne, France",Villa Trouz Ar Mor,Home,Audierne,France,July,135.00,4.85,13.0,433,233,
"Treehouse in Sundridge, Canada",Lount Treetop Rentals - Unit 2,Treehouse,Sundridge,Canada,June,135.00,4.97,173.0,110,233,
"Room in Berlin, Germany",Friedrichshain Beautiful Sunny Room with Balcony,Room,Berlin,Germany,July,135.00,5.0,6.0,54,233,
"Cabin in Rocky View County, Canada",100+ Year old Rustic Log Cabin near Ghost Lake,Cabin,Rocky View County,Canada,August,135.00,4.83,459.0,455,233,
"Barn in Rattray, UK",The Loft at the Bonnington Farm,Barn,Rattray,United Kingdom,June,135.00,4.89,423.0,304,233,
"Room in Rouffignac-de-Sigoulès, France",manoir 19 ème siècle LE COUTUREAU isaline,Room,Rouffignac-de-Sigoulès,France,June,135.00,5.0,11.0,43,233,
"Tiny home in Canning, Canada",Split View Two,Tiny home,Canning,Canada,August,134.00,4.95,81.0,174,234,
"Condo in Atlantic City, New Jersey, US",Beachfront Condo Now Available! Sleeps 4 + Parking,Condo,Atlantic City,United States,June,133.00,4.51,88.0,659,235,New Jersey
"Shepherd’s hut in Hollacombe, UK",Woodland Stargazing Cabin,Shepherd’s hut,Hollacombe,United Kingdom,June,133.00,4.83,174.0,462,235,
"Treehouse in Tampaksiring, Indonesia",umatreehouse,Treehouse,Tampaksiring,Indonesia,November,133.00,4.93,164.0,217,235,
"Cabin in Tambon Ko Pha-ngan, Thailand","BOHO CABIN, Hin Kong Beachfront, West Coast.",Cabin,Tambon Ko Pha-ngan,Thailand,July,132.00,4.98,44.0,99,236,
"Cabin in Tambon Ko Pha-ngan, Thailand","BOHO CABIN, Hin Kong Beachfront, West Coast.",Cabin,Tambon Ko Pha-ngan,Thailand,July,132.00,4.98,44.0,100,236,
"Cabin in Tambon Ko Pha-ngan, Thailand","BOHO CABIN, Hin Kong Beachfront, West Coast.",Cabin,Tambon Ko Pha-ngan,Thailand,July,132.00,4.98,44.0,98,236,
"Place to stay in Punta Cana, Dominican Republic",Hut #3 Romantic Luxury on the sand,Place to stay,Punta Cana,Dominican Republic,July,132.00,4.86,29.0,394,236,
"Treehouse in San Carlos, Costa Rica",Rainforest Tree House with Hot Springs,Treehouse,San Carlos,Costa Rica,August,132.00,4.84,763.0,435,236,
"Place to stay in Punta Cana, Dominican Republic",Hut #3 Romantic Luxury on the sand,Place to stay,Punta Cana,Dominican Republic,July,132.00,4.86,29.0,395,236,
"Earthen home in Ao nang, Thailand",Seaview Bedrock Home,Earthen home,Ao nang,Thailand,June,131.00,4.8,35.0,519,237,
"Place to stay in Balian Beach, Indonesia",BALIAN TREEHOUSE 2 - with private pool,Place to stay,Balian Beach,Indonesia,July,131.00,4.89,140.0,318,237,
"Home in Baião, Portugal",CasasdoCasinhotoD-Rustic House (pool; river view),Home,Baião,Portugal,June,131.00,4.81,43.0,503,237,
"Home in Baião, Portugal",CasasdoCasinhotoD-Rustic House (pool; river view),Home,Baião,Portugal,June,131.00,4.81,43.0,502,237,
"Apartment in Guanacaste Province, Costa Rica",Surf Shack Guiones - perfect beach location,Apartment,Guanacaste Province,Costa Rica,June,130.00,4.82,278.0,475,238,
"Apartment in Candidasa, Indonesia",Villa Sea Spray Bali Cowrie literally on the Ocean,Apartment,Candidasa,Indonesia,August,130.00,4.79,112.0,532,238,
"Tiny home in Aptos, California, US",Bamboo Cottage in Aptos Mountain Retreat & Spa,Tiny home,Aptos,United States,July,130.00,4.78,257.0,541,238,California
"Cave in Mesaria, Greece",Luxury Triple cave room,Cave,Mesaria,Greece,June,129.00,4.72,32.0,592,239,
"Cave in Mesaria, Greece",Luxury Triple cave room,Cave,Mesaria,Greece,June,129.00,4.72,32.0,591,239,
"Room in San Juan, Philippines",Alon and Sandy Surf Shack GFloor (Air Conditioned),Room,San Juan,Philippines,June,129.00,4.62,145.0,634,239,
"Home in Tulum, Mexico","Heaven Lodge, entire house surrounded by nature",Home,Tulum,Mexico,June,128.00,4.86,155.0,390,240,
"Tiny home in Concepcion, Philippines",Tiny House by The Modern Escape,Tiny home,Concepcion,Philippines,July,128.00,5.0,32.0,19,240,
"Room in Miami, Florida, US",Private room/bathroom in modern house with Pool,Room,Miami,United States,July,128.00,4.83,181.0,460,240,Florida
"Home in Rémalard, France","Moulin de Boiscorde, ideal for couples and families",Home,Rémalard,France,June,128.00,4.9,41.0,301,240,
"Boat in Stuart, Florida, US",House Boat Sunset Bay Marina Stuart Fl,Boat,Stuart,United States,September,127.00,4.92,279.0,235,241,Florida
"Tiny home in Orlando, Florida, US",The Little Tree House at Country Club of Orlando,Tiny home,Orlando,United States,July,127.00,4.98,604.0,77,241,Florida
"Home in Cernobbio, Italy",Ca' Roncate,Home,Cernobbio,Italy,October,127.00,4.9,378.0,286,241,
"Room in Ko Samui District, Thailand",Villa The Spot - Room B6,Room,Ko Samui District,Thailand,June,127.00,4.75,28.0,573,241,
"Cabin in Bowen Island, Canada",the legendary wildwood cabins ~ CABIN 2,Cabin,Bowen Island,Canada,September,126.00,4.99,742.0,63,242,
"Home in Atouguia da Baleia, Portugal","Spectacular view of Supertubos beach, Peniche",Home,Atouguia da Baleia,Portugal,October,126.00,4.82,34.0,491,242,
"Villa in Tegallalang, Indonesia",Luxurious Private Pool Villa with Garden North of Ubud,Villa,Tegallalang,Indonesia,October,126.00,4.92,166.0,245,242,
"Villa in Ubud, Indonesia",Ceylon Villas 4 - 1BR Villa! 5 mins to Ubud 🌴,Villa,Ubud,Indonesia,November,125.00,4.92,184.0,242,243,
"Hotel in Willemstad, Curaçao",Saint Tropez Boutique Hotel,Hotel,Willemstad,Curaçao,June,125.00,4.78,74.0,550,243,
"Cabin in Jarratt, Virginia, US",Harrell’s Cabin,Cabin,Jarratt,United States,June,125.00,4.82,612.0,471,243,Virginia
"Home in Bad Sankt Leonhard im Lavanttal, Austria",1A chalet resting crickets + hiking with indoor sauna,Home,Bad Sankt Leonhard im Lavanttal,Austria,June,123.00,4.67,110.0,619,244,
"Tiny home in Tremont, Maine, US",Coyote's Den at The Howling Woods,Tiny home,Tremont,United States,June,123.00,4.87,303.0,359,244,Maine
"Home in Bad Sankt Leonhard im Lavanttal, Austria",1A chalet resting crickets + hiking with indoor sauna,Home,Bad Sankt Leonhard im Lavanttal,Austria,June,123.00,4.67,110.0,618,244,
"Villa in Kamala, Thailand","""Villa Sauvage 2 br"" - a magic horizon of coziness",Villa,Kamala,Thailand,June,122.00,4.57,115.0,645,245,
"Treehouse in Kabupaten Buleleng, Indonesia",Seaside Designer Treehouse ~ Stunning Views ~ Pool,Treehouse,Kabupaten Buleleng,Indonesia,June,121.00,4.75,4.0,574,246,
"Room in Behren-Lübchin, Germany",Wohnung Ruth Herrenhaus Viecheln Anno 1869,Room,Behren-Lübchin,Germany,June,121.00,4.97,34.0,121,246,
"Condo in Luquillo, Puerto Rico",AHHH-MAZING VIEWS! Beach Front Apt.,Condo,Luquillo,Puerto Rico,September,121.00,4.88,490.0,329,246,
"Tiny home in Horning's Mills, Canada",Pine River Bunkies: Heron’s Landing Off Grid Cabin,Tiny home,Horning's Mills,Canada,June,120.00,4.89,103.0,322,247,
"Villa in Kathu, Thailand",Tiny Poolvilla in the heart of Phuket,Villa,Kathu,Thailand,July,119.00,5.0,98.0,7,248,
"Cabin in West Farmington, Ohio, US",The Triangle: A-Frame Cabin for your city retreat,Cabin,West Farmington,United States,July,119.00,4.91,515.0,255,248,Ohio
"Villa in Kathu, Thailand",Tiny Poolvilla in the heart of Phuket,Villa,Kathu,Thailand,July,119.00,5.0,98.0,8,248,
"Treehouse in Kecamatan Ubud, Indonesia",Bamboo Turtle cabin river view 5km to Ubud center,Treehouse,Kecamatan Ubud,Indonesia,July,118.00,4.88,75.0,340,249,
"Tiny home in Huntsville, Missouri, US",O’s Barn Cabin,Tiny home,Huntsville,United States,July,118.00,4.94,296.0,188,249,Missouri
"Treehouse in Kecamatan Ubud, Indonesia",Bamboo Turtle cabin river view 5km to Ubud center,Treehouse,Kecamatan Ubud,Indonesia,July,118.00,4.88,75.0,341,249,
"Loft in The Blue Mountains, Canada",Cozy Blue Mountain Retreat @!@Spring Rates@!@,Loft,The Blue Mountains,Canada,June,118.00,4.72,365.0,588,249,
"Hut in Balian Beach, Indonesia",BALIAN TREEHOUSE w beautiful pool,Hut,Balian Beach,Indonesia,June,117.00,4.85,287.0,403,250,
"Apartment in Santa Teresa Beach, Costa Rica",Beachside Apartment with Pool,Apartment,Santa Teresa Beach,Costa Rica,June,117.00,4.84,270.0,438,250,
"Cottage in Ubud, Indonesia",25%OFF! Romantic Honeymoon Escape in Ubud Paradise,Cottage,Ubud,Indonesia,June,117.00,4.77,219.0,556,250,
"Tiny home in Sackville, Canada",Enchanting Tiny Home 1 KM from downtown Sackville,Tiny home,Sackville,Canada,June,117.00,4.86,64.0,392,250,
"Place to stay in Tabanan, Indonesia",Ocean View and Private Pool at Balian Beach,Place to stay,Tabanan,Indonesia,July,116.00,4.82,122.0,483,251,
"Boutique hotel in Miami Beach, Florida, US",Room 2 Queen beds- Buffet Breakfast-Steps to beach,Boutique hotel,Miami Beach,United States,June,116.00,4.38,156.0,674,251,Florida
"Hotel in Isla Mujeres, Mexico","Cozy & Neat hotel room 2pax ocean view WiFi,Pool",Hotel,Isla Mujeres,Mexico,August,115.00,4.52,92.0,657,252,
"Nature lodge in Fethiye, Turkey",DEEP OCEAN BUNGALOWS-PANORAMIC &DOUBLE &HALF BOARD,Nature lodge,Fethiye,Turkey,June,115.00,4.91,75.0,272,252,
"Tiny home in Poltimore, UK",Tranquil retreat with fantastic countryside views,Tiny home,Poltimore,United Kingdom,August,115.00,4.92,227.0,237,252,
"Farm stay in Siler City, North Carolina, US",Lovely farm cabin experience,Farm stay,Siler City,United States,June,114.00,5.0,5.0,55,253,North Carolina
"Trullo in Alberobello, Italy",TrulLetto,Trullo,Alberobello,Italy,June,114.00,4.85,52.0,427,253,
"Home in Real Montecassino, Mexico",New! Bamboo Bosque Mio (Stars & Campfires),Home,Real Montecassino,Mexico,June,113.00,4.82,56.0,490,254,
"Apartment in Nasugbu, Philippines",PICO DE LORO ( Santorini Vibe),Apartment,Nasugbu,Philippines,June,112.00,4.88,16.0,350,255,
"Tiny home in Komoka, Canada",The Cabin at Fernwood Hills,Tiny home,Komoka,Canada,June,112.00,4.9,597.0,284,255,
"Apartment in Athina, Greece","Diamond Home 1, romantic gem, 20 min to Acropolis",Apartment,Athina,Greece,July,112.00,4.79,217.0,529,255,
"Cabin in Teo, Spain",MU_Moradas no Ulla 6. Cabañas de Compostela.,Cabin,Teo,Spain,June,112.00,4.96,89.0,146,255,
"Condo in Puerto Vallarta, Mexico",Buddha Loft in Romantic Zone of Puerto Vallarta,Condo,Puerto Vallarta,Mexico,July,112.00,4.85,175.0,411,255,
"Villa in Ubud, Indonesia",❣️Romantic Staycation-PrivateSunset Pool@megananda,Villa,Ubud,Indonesia,November,111.00,4.92,388.0,233,256,
"Cabin in Güejar Sierra, Spain",Natural show in Cabaña Alcazaba,Cabin,Güejar Sierra,Spain,June,111.00,4.86,568.0,378,256,
"Cabin in Gällstad, Sweden",Cabin on the countryside close to the small city.,Cabin,Gällstad,Sweden,June,111.00,4.71,51.0,599,256,
"Guesthouse in Perranwell Station, UK",The Folly - Cornwall,Guesthouse,Perranwell Station,United Kingdom,June,111.00,5.0,11.0,45,256,
"Cabin in Serrazone, Italy",King's Windmill - A little house in the woods,Cabin,Serrazone,Italy,July,111.00,4.54,201.0,653,256,
"Villa in Payangan, Indonesia",❣️Secluded Getaway Staycation+SunsetPool@megananda,Villa,Payangan,Indonesia,November,111.00,4.89,364.0,306,256,
"Room in Phuket, Thailand",Grand Seaview Pool Suite •,Room,Phuket,Thailand,June,111.00,4.85,26.0,431,256,
"Barn in Vero Beach, Florida, US",Private Barn Studio at Pura Vida Florida Farm,Barn,Vero Beach,United States,September,111.00,4.95,417.0,160,256,Florida
"Home in Vaiano, Italy",Casale La Quercia - Tuscany country house,Home,Vaiano,Italy,June,111.00,4.94,530.0,184,256,
"Guesthouse in Perranwell Station, UK",The Folly - Cornwall,Guesthouse,Perranwell Station,United Kingdom,June,111.00,5.0,11.0,44,256,
"Apartment in Tambon Rawai, Thailand",Appartment 140 sqm 6 people big terrace sea view,Apartment,Tambon Rawai,Thailand,June,111.00,4.91,160.0,266,256,
"Cabin in Serrazone, Italy",King's Windmill - A little house in the woods,Cabin,Serrazone,Italy,July,111.00,4.54,201.0,652,256,
"Tiny home in Les Haudères, Switzerland",Swiss Tiny Chalet,Tiny home,Les Haudères,Switzerland,June,109.00,4.8,157.0,514,257,
"Cabin in Kecamatan Ubud, Indonesia",Samu House. Tropical stay private pool.Adults Only,Cabin,Kecamatan Ubud,Indonesia,September,108.00,4.84,106.0,447,258,
"Cabin in Sorrento, Canada","The Thimbleberry MicroCabin near lake, hot tub use",Cabin,Sorrento,Canada,June,108.00,4.97,146.0,112,258,
"Earthen home in Bronwydd Arms, UK",strawbale roundhouse for vegetarian,Earthen home,Bronwydd Arms,United Kingdom,June,108.00,4.9,297.0,287,258,
"Yurt in Cynwyd, UK",Gorgeous yurt in amazing mountain/forest location,Yurt,Cynwyd,United Kingdom,July,107.00,4.91,339.0,257,259,
"Tiny home in Midmar, UK",Cosy Romantic Cabin with Wood Burning Stove.,Tiny home,Midmar,United Kingdom,June,107.00,4.96,274.0,135,259,
"Room in Wilmington, New York, US",My Adirondack Home - Very Scenic,Room,Wilmington,United States,June,107.00,4.96,520.0,127,259,New York
"Place to stay in Retiro, Colombia",★ BubbleSky Glamping ★ One Night Under Stars ★3,Place to stay,Retiro,Colombia,June,107.00,4.9,154.0,293,259,
"Trullo in Ostuni, Italy",Magical Trullo in Ostuni Cis BR0740129000012213,Trullo,Ostuni,Italy,July,105.00,4.87,87.0,370,260,
"Chalet in Étival, France",The Napoleonic period chalet in the High Jura,Chalet,Étival,France,July,105.00,4.98,190.0,80,260,
"Home in Chalkida, Greece",Seaside & Garden Single family home,Home,Chalkida,Greece,June,104.00,4.94,33.0,208,261,
"Home in Chalkida, Greece",Seaside & Garden Single family home,Home,Chalkida,Greece,June,104.00,4.94,33.0,207,261,
"Room in New York, New York, US","Lovely Private Room-Manhattan, 70s-Upper East Side",Room,New York,United States,July,103.00,4.93,30.0,226,262,New York
"Room in New York, New York, US","Lovely Private Room-Manhattan, 70s-Upper East Side",Room,New York,United States,July,103.00,4.93,30.0,227,262,New York
"Yurt in Airville, Pennsylvania, US",Waterfront Glamping Muddy Creek PA,Yurt,Airville,United States,June,102.00,4.95,22.0,178,263,Pennsylvania
"Cabin in Bluefields, Jamaica",Cozy Oceanview Cabin,Cabin,Bluefields,Jamaica,July,102.00,4.88,76.0,339,263,
"Condo in Kaunakakai, Hawaii, US",$87 a night Molokai Escape Condo,Condo,Kaunakakai,United States,June,101.00,4.76,337.0,563,264,Hawaii
"Room in Aljezur, Portugal",XS Village - Arrifana Suite (private bathroom),Room,Aljezur,Portugal,June,100.00,4.96,25.0,150,265,
"Loft in Mazatlán, Mexico",Oceanfront loft,Loft,Mazatlán,Mexico,June,100.00,4.92,177.0,243,265,
"Cottage in Nicosia, Italy",Sicilian Mountain Oasis - Entire Villa (Smart W.),Cottage,Nicosia,Italy,November,100.00,4.94,325.0,187,265,
"Home in Moss Beach, California, US",Walk to the Beach from this Ocean Front Home,Home,Moss Beach,United States,June,"1,463.00",4.94,149.0,196,266,California
